/*
 Navicat Premium Data Transfer

 Source Server         : data
 Source Server Type    : MySQL
 Source Server Version : 80019
 Source Host           : localhost:3306
 Source Schema         : publicity

 Target Server Type    : MySQL
 Target Server Version : 80019
 File Encoding         : 65001

 Date: 01/02/2023 22:12:30
*/

SET NAMES utf8mb4;
SET FOREIGN_KEY_CHECKS = 0;

-- ----------------------------
-- Table structure for information
-- ----------------------------
DROP TABLE IF EXISTS `information`;
CREATE TABLE `information`  (
  `id` int NOT NULL AUTO_INCREMENT COMMENT '资讯ID',
  `createAt` datetime(6) NOT NULL DEFAULT CURRENT_TIMESTAMP(6) COMMENT '创建时间',
  `updateAt` datetime(6) NOT NULL DEFAULT CURRENT_TIMESTAMP(6) ON UPDATE CURRENT_TIMESTAMP(6) COMMENT '更新时间',
  `title` varchar(100) CHARACTER SET utf8mb4 COLLATE utf8mb4_0900_ai_ci NOT NULL COMMENT '资讯标题',
  PRIMARY KEY (`id`) USING BTREE
) ENGINE = InnoDB AUTO_INCREMENT = 55 CHARACTER SET = utf8mb4 COLLATE = utf8mb4_0900_ai_ci ROW_FORMAT = Dynamic;

-- ----------------------------
-- Records of information
-- ----------------------------
INSERT INTO `information` VALUES (41, '2023-01-31 16:57:30.396000', '2023-01-31 16:57:47.272000', '【教研活动】 砥砺前行，共筑教学——电影评论中心期末教学研讨会圆满举行');
INSERT INTO `information` VALUES (42, '2023-01-31 17:03:47.810424', '2023-01-31 17:03:47.810424', '【新商科】踔厉奋发 笃行不怠——淬炼·国际商学院2022-2023学年第1学期期末总结会');
INSERT INTO `information` VALUES (43, '2023-01-31 17:08:49.722328', '2023-01-31 17:08:49.722328', '【新商科】专业商科：淬炼商学院在2022年全国大学生人力资源管理知识技能竞赛重庆市赛中荣获佳绩');
INSERT INTO `information` VALUES (44, '2023-01-31 17:12:31.233000', '2023-01-31 17:12:58.088000', '【新商科|专业商科】淬炼商学院召开教科研项目申报与撰写专题培训会议');
INSERT INTO `information` VALUES (45, '2023-01-31 17:18:11.015985', '2023-01-31 17:18:11.015985', '【马院之声】奋进新征程 建功新时代——研习社开展中国共产党第二十次全国代表大会精神主题学习活动');
INSERT INTO `information` VALUES (46, '2023-01-31 17:21:10.237547', '2023-01-31 17:21:10.237547', '【新商科】共话商科齐努力，分享交流促发展——中国新商科大学集团商科教育常务委员会2022-2023学年第一学期期末总结会');
INSERT INTO `information` VALUES (47, '2023-01-31 17:23:30.439846', '2023-01-31 17:23:30.439846', '【党建工作】共学共悟二十大，砥砺奋进新征程——淬炼商学院党总支委员民主生活会');
INSERT INTO `information` VALUES (50, '2023-01-31 17:30:07.937099', '2023-01-31 17:30:07.937099', '【184期|全生异科导师】拼搏和努力一样都不能少——异科导师郭静开展“我最喜欢的球星”交流会');
INSERT INTO `information` VALUES (51, '2023-01-31 17:32:25.365281', '2023-01-31 17:32:25.365281', '【学院动态】齐心协力，勇夺佳绩——智能工程学院在2022一带一路暨金砖大赛中荣获佳绩');
INSERT INTO `information` VALUES (52, '2023-01-31 17:34:22.596908', '2023-01-31 17:34:22.596908', '【新商科｜专业商科】企业高管系列讲座第7期 —— 带您走进“智慧与智能”的前方通讯设备有限责任公司');
INSERT INTO `information` VALUES (53, '2023-01-31 17:35:39.330352', '2023-01-31 17:35:39.330352', '【学院动态】启航完满共创佳绩，智工拼搏大放异彩——记智能工程学院2022级新生完满教育活动集锦');
INSERT INTO `information` VALUES (54, '2023-01-31 17:37:33.652762', '2023-01-31 17:37:33.652762', '1285期|书院印象：融合共育，云端赋能——花果书院12月项目导师工作回顾');

-- ----------------------------
-- Table structure for information_comment
-- ----------------------------
DROP TABLE IF EXISTS `information_comment`;
CREATE TABLE `information_comment`  (
  `id` int NOT NULL AUTO_INCREMENT COMMENT '资讯评论ID',
  `parent_id` int NULL DEFAULT NULL COMMENT '父级评论ID',
  `createAt` datetime(6) NOT NULL DEFAULT CURRENT_TIMESTAMP(6) COMMENT '创建时间',
  `updateAt` datetime(6) NOT NULL DEFAULT CURRENT_TIMESTAMP(6) ON UPDATE CURRENT_TIMESTAMP(6) COMMENT '更新时间',
  `userId` int NULL DEFAULT NULL COMMENT '用户ID',
  `content` varchar(200) CHARACTER SET utf8mb4 COLLATE utf8mb4_0900_ai_ci NOT NULL COMMENT '资讯评论内容',
  `informationId` int NULL DEFAULT NULL COMMENT '资讯ID',
  PRIMARY KEY (`id`) USING BTREE,
  INDEX `FK_95edadf7b930a5dc8633f85a84f`(`userId`) USING BTREE,
  INDEX `FK_81ae11126a28f4c498728f64858`(`informationId`) USING BTREE,
  CONSTRAINT `FK_81ae11126a28f4c498728f64858` FOREIGN KEY (`informationId`) REFERENCES `information` (`id`) ON DELETE CASCADE ON UPDATE RESTRICT,
  CONSTRAINT `FK_95edadf7b930a5dc8633f85a84f` FOREIGN KEY (`userId`) REFERENCES `user` (`id`) ON DELETE CASCADE ON UPDATE RESTRICT
) ENGINE = InnoDB AUTO_INCREMENT = 38 CHARACTER SET = utf8mb4 COLLATE = utf8mb4_0900_ai_ci ROW_FORMAT = Dynamic;

-- ----------------------------
-- Records of information_comment
-- ----------------------------
INSERT INTO `information_comment` VALUES (36, NULL, '2023-02-01 21:54:39.039669', '2023-02-01 21:54:39.039669', 35, 'njakbfje', 41);

-- ----------------------------
-- Table structure for information_detail
-- ----------------------------
DROP TABLE IF EXISTS `information_detail`;
CREATE TABLE `information_detail`  (
  `id` int NOT NULL AUTO_INCREMENT COMMENT '资讯详情ID',
  `content` mediumtext CHARACTER SET utf8mb4 COLLATE utf8mb4_0900_ai_ci NOT NULL COMMENT '资讯内容',
  `view_count` int NOT NULL DEFAULT 0 COMMENT '浏览次数',
  `createAt` datetime(6) NOT NULL DEFAULT CURRENT_TIMESTAMP(6) COMMENT '创建时间',
  `updateAt` datetime(6) NOT NULL DEFAULT CURRENT_TIMESTAMP(6) ON UPDATE CURRENT_TIMESTAMP(6) COMMENT '更新时间',
  `informationId` int NULL DEFAULT NULL COMMENT '资讯ID',
  PRIMARY KEY (`id`) USING BTREE,
  UNIQUE INDEX `REL_56b0213cfa4a5ef69e3c210558`(`informationId`) USING BTREE,
  CONSTRAINT `FK_56b0213cfa4a5ef69e3c2105588` FOREIGN KEY (`informationId`) REFERENCES `information` (`id`) ON DELETE CASCADE ON UPDATE CASCADE
) ENGINE = InnoDB AUTO_INCREMENT = 55 CHARACTER SET = utf8mb4 COLLATE = utf8mb4_0900_ai_ci ROW_FORMAT = Dynamic;

-- ----------------------------
-- Records of information_detail
-- ----------------------------
INSERT INTO `information_detail` VALUES (41, '<p><span style=\"color: rgb(0, 0, 0); background-color: rgb(255, 255, 255); font-family: 宋体;\"> &nbsp; &nbsp;为提高电影评论中心教师素质，帮助教师总结经验，进行教学反思，深化教学改革，提高教育教学水平，12月20日下午4：00，电影评论中心开展了期末教学研讨会，中心主任彭可和部门教学检查小组的老师出席会议，研讨会上老师们对本学期教学检查和老带新听课情况做了充分的交流。</span></p><p style=\"text-indent: 2em; text-align: center;\"><img src=\"http://localhost:8000/information/77a9b23b-fe2d-42db-b43a-e9e782d337fe.jpeg\" alt=\"\" data-href=\"\" style=\"width: 494.75px;height: 263.46px;\"></p><p><br></p><p style=\"text-indent: 37px; text-align: start;\"><span style=\"background-color: rgb(255, 255, 255); font-family: 宋体;\">会议伊始，彭可主任介绍了本次期末教学研讨会的意义及目的，本次会议围绕本学期教学检查和“老带新”教学工作情况展开，旨在总结教学经验，提升课程质量。</span></p><p style=\"text-indent: 37px; text-align: start;\"><span style=\"background-color: rgb(255, 255, 255); font-family: 宋体;\">彭主任总结了电影评论中心2022-2023学年第一学期期末教学检查工作：中心老师们制定了完善的授课计划，均严格按照授课计划进行教学，内容正确，重难点突出；坚持“以学为中心”的教学理念，理论教学的开展秩序井然，教师对学生的管理宽严适度，课堂氛围活跃，教学效果好，学生收获较大；期末考试论文考查的命题严谨规范，贴合课程大纲，难易适度，论文“评阅记录表”的制定合乎学校教务处的规定。</span></p><p style=\"text-indent: 37px; text-align: center;\"><img src=\"http://localhost:8000/information/547b2fe7-b3df-4159-a157-f686fc35bf68.jpeg\" alt=\"\" data-href=\"\" style=\"width: 448.55px;height: 302.01px;\"></p><p style=\"text-indent: 37px; text-align: center;\"><br></p><p style=\"text-indent: 37px; text-align: start;\"><span style=\"background-color: rgb(255, 255, 255); font-family: 宋体;\">中心教学检查小组的老师们分别总结了“老带新”的听课情况：老师们的教学态度端正，按时上下课，课前准备充分，精神饱满，亲和力强，课堂秩序良好；教学内容符合课程大纲的要求，内容正确，重难点突出；教学基本功较为扎实，教学目标明确，内容熟练，表达准确，课件美观；教学方法灵活丰富，注重课堂互动，课堂氛围较活跃，教学效果好，学生收获较大。</span></p><p style=\"text-indent: 37px; text-align: start;\"><span style=\"background-color: rgb(255, 255, 255); font-family: 宋体;\">与此同时，中心教学检查小组的老师们也指出在“老带新”的听课中，新老师们普遍存在的问题：课堂节奏过快，知识点的讲解过多，学理性过强，课堂设计有所缺乏，缺乏对学生实践能力与创新意识的培养。</span></p><p style=\"text-indent: 37px; text-align: center;\"><img src=\"http://localhost:8000/information/9446f835-b13a-4740-9b45-ea905bcc00ee.jpeg\" alt=\"\" data-href=\"\" style=\"width: 572.55px;height: 405.73px;\"></p><p style=\"text-indent: 37px; text-align: start;\"><span style=\"color: rgb(0, 0, 0); background-color: rgb(255, 255, 255); font-family: 宋体;\">彭主任就老师们对“老带新”工作做了充分的交流与总结，强调了以下两点。首先，部门新老师们能迅速融入到教学工作，取得较大教学成效，得益于前期课程大纲的精心修订与“老带新”工作的顺利进行。其次，面对较多的教学问题，老师们应该继续总结教学经验，提升授课质量：课堂节奏不宜过快，知识点的讲解不宜过多，注意凝练知识点；在作品案例分析的讲解中，请老师们减少理论性知识的过多讲解，将重点放在对作品的分析上，以一种比较视野去认识作品，从多元的文化角度去分析作品，侧重分析作品的情感表达；希望老师们注意课堂设计，在课堂设计环节多下功夫，课下多与教学经验丰富的老师们交流学习，丰富授课形式；老师们应注重教书育人，思政教育和价值引领，加强对学生实践能力与创新意识的培养。</span></p>', 157, '2023-01-31 16:57:30.398000', '2023-01-31 16:57:47.205000', 41);
INSERT INTO `information_detail` VALUES (42, '<p><span style=\"color: rgb(0, 0, 0); background-color: rgb(255, 255, 255);\"> &nbsp; &nbsp; &nbsp; &nbsp;1月7日上午9:00，淬炼·国际商学院开展了线上2022-2023学年第1学期期末总结会。参会人员有集团商科教育委员会主任廖成林教授，集团商科教育委员会主任助理、重庆移通学院校长助理、淬炼·国际商学院张平院长，淬炼·国际商学院曾璐副院长、陈晓曼副院长、范保珠副院长、杨宝石主任、寇小玲主任、张丹丹主任、李义红主任、李魁梅主任、谭小珂主任、董道进主任、张云潇主管、朱应霞等骨干教师。会议由曾璐副院长主持。</span></p><p style=\"text-align: center;\"><span style=\"color: rgb(0, 0, 0); background-color: rgb(255, 255, 255);\"> &nbsp; &nbsp; </span><img src=\"http://localhost:8000/information/6ae8d97c-cde0-4b15-9b3b-8adf2b0393f2.jpeg\" alt=\"\" data-href=\"\" style=\"width: 566.55px;height: 308.16px;\"></p><p style=\"text-indent: 2em; text-align: start;\">本次大会主要是对2022-2023学年第1学期工作进行总结，汇报取得的成果，存在的问题，以及2023年工作计划。</p><p style=\"text-indent: 2em; text-align: start;\"><strong>分教研室对学期工作进行总结</strong></p><p style=\"text-indent: 2em; text-align: start;\">淬炼·国际商学院各教研室主任主要以新商科推进的成果、亮点、问题为导向，分别针对集团新商科战略宣贯及三校四区联动、专业建设、课程体系建设、四位一体双院制融合推进、实战项目成果、师资队伍建设、管理体系优化、设施基地建设、新商科、国际商科、电影商务产业学院等品牌营销与宣传共九个大点进行了学期工作汇报。</p><p style=\"text-indent: 2em; text-align: center;\"><img src=\"http://localhost:8000/information/42adb093-0ac7-4bca-8e8b-0829e0ffe0ff.jpeg\" alt=\"\" data-href=\"\" style=\"width: 472.00px;height: 321.15px;\"></p><p style=\"text-indent: 2em; text-align: start;\"><strong>集团商科教育委员会主任与主任助理做工作指导</strong></p><p style=\"text-indent: 2em; text-align: start;\">集团商科教育委员会主任助理张平院长对各教研室主任的工作汇报做出了细致的点评，对商科联动、课程改革、专项融合、校企合作项目、品宣推进工作等方面做出的成绩给予了肯定。</p><p style=\"text-indent: 2em; text-align: start;\">张平院长还提出了三个具有指导意义的建议，他指出，我们团队还应该再深入领会新商科的含义，要聚焦人才培养目标体系，用课程体系匹配我们的专业定位，专业建设也要符合人才素质要求，专业课程要体现新商科的整体定位。我们学校是属于应用型高校，对于全校商科体系，应该是采用商科+案例的模式，要体现信息产业特色，引入大师课、高管进课堂等，培养宽口径的人才。在最后还强调了应加强新老师对于工作的参与度。</p><p style=\"text-indent: 2em; text-align: start;\">张平院长的发言将有效推动淬炼·国际商学院开展新商科联动工作。</p><p style=\"text-align: center;\"><img src=\"http://localhost:8000/information/e918c747-634b-4ad6-a188-8f75569691b0.jpeg\" alt=\"\" data-href=\"\" style=\"width: 568.55px;height: 295.36px;\"></p><p style=\"text-indent: 2em; text-align: start;\">随后，集团商科教育委员会主任、商科带头人廖成林教授也对老师们汇报的工作做出了评价和建议。</p><p style=\"text-indent: 2em; text-align: start;\">廖成林教授指出，我们老师应该保质保量的完成所有的常规工作、任务；在日常工作中应该与时俱进，并结合自己分管的工作大胆创新，发挥出自身的优势，做出成绩；负责人应该注重管理，优化模式，管理出质量；在平时开展的活动项目中应坚持定位不偏离航线并加强融合；最后提到了我们教师应注重自己的成果，在过程中应做好记录，做到对成果有引导、有帮助、有目标。</p><p style=\"text-indent: 2em; text-align: start;\">廖成林教授还对具体工作给出了建议，教师们应该重视一流课程的申报工作，不怕失败，多积累经验，锲而不舍的坚持；对于校企合作应该多做总结，定目标，再有新思路，并且在三校四区中进行分享推广；积极发挥工作室的功能，升级工作室的功能作用；最后廖成林教授还对课程改革、科研项目、奖项申报等也做出了相应指导建议并提出，所有的工作不是一劳永逸的而是不断推进的。</p><p style=\"text-indent: 2em; text-align: start;\">廖成林教授的点评及提出的宝贵意见对淬炼·国际商学院之后的工作有了指导性的帮助，并且启发了各教研室主任对于以后工作开展的新思路。</p><p style=\"text-indent: 2em; text-align: start;\"><br></p><p style=\"text-indent: 2em; text-align: start;\"><br></p><p style=\"text-indent: 2em; text-align: start;\"><br></p><p style=\"text-indent: 2em; text-align: center;\"><img src=\"http://localhost:8000/information/e3825515-4cd2-4f3d-83f4-ae7804e2b40e.jpeg\" alt=\"\" data-href=\"\" style=\"\"></p><p style=\"text-indent: 2em; text-align: start;\"><strong>主持人对2023年学院新商科相关工作部署以及总结</strong></p><p style=\"text-indent: 2em; text-align: start;\">曾璐副院长先肯定了各教研室主任本学期的工作，并且感谢了廖成林教授和张平院长对学院提供的帮助和指导。</p><p style=\"text-indent: 2em; text-align: start;\">最后曾璐副院长提出“在新的一年，我们继续以学生的全面发展为中心，以师资建设为前提，以课程建设为载体，以管理制度优化为保障，之后我们开展的工作就会越来越好。”</p><p style=\"text-indent: 2em; text-align: start;\">线上期末总结会的顺利召开，对淬炼·国际商学院2022-2023学年第1学期的工作做了总结，也对即将到来的新一学期的工作做了部署。踔厉奋发，笃行不怠，坚持集团战略定位不动摇，勇于创新，善于实践，争取更大的胜利！</p>', 13, '2023-01-31 17:03:47.812000', '2023-01-31 17:03:47.812000', 42);
INSERT INTO `information_detail` VALUES (43, '<p style=\"text-indent: 2em;\"><span style=\"color: rgb(0, 0, 0); background-color: rgb(255, 255, 255); font-size: 14px;\">重庆市教育委员会主办的2022年全国大学生人力资源管理知识技能竞赛重庆市赛在近日落幕。全国大学生人力资源管理知识技能竞赛重庆市赛是我市人力资源管理专业领域最具规模和影响力的大学生学科竞赛，对持续推进人力资源管理等相关专业实践教学改革与发展、提高人才培养质量、建设技能型社会有重要意义。</span></p><p style=\"text-indent: 2em; text-align: center;\"><img src=\"http://localhost:8000/information/873f2dea-8c73-4f08-9547-cc077f32d4a3.jpeg\" alt=\"\" data-href=\"\" style=\"width: 493.00px;height: 266.93px;\"></p><p style=\"text-indent: 2em; text-align: center;\"><span style=\"color: rgb(0, 0, 0); background-color: rgb(255, 255, 255); font-size: 14px;\">我校2支队伍在本次本科组48支参赛队伍角逐中分别斩获重庆市一等奖、重庆市三等奖。</span></p><p style=\"text-indent: 2em; text-align: center;\"><img src=\"http://localhost:8000/information/a2b25c24-7320-414f-b97a-c63666d96cb1.jpeg\" alt=\"\" data-href=\"\" style=\"\"></p><p style=\"text-indent: 2em; text-align: center;\"><br></p><p style=\"text-indent: 2em; text-align: center;\"><img src=\"http://localhost:8000/information/a2ca6858-585d-4dee-aa92-368a217ad347.jpeg\" alt=\"\" data-href=\"\" style=\"\"></p><p style=\"text-indent: 2em; text-align: left;\"><span style=\"color: rgb(0, 0, 0); background-color: rgb(255, 255, 255); font-size: 14px;\">人力资源管理知识竞赛是以企业真实运营数据为背景，参赛队伍从选择招聘渠道、人员的招聘、薪酬与绩效管理的制定到产品的生产与销售进行对抗。在比赛中，学生不仅学会了招聘、薪酬管理、培训、绩效管理、员工关系管理、战略等专业知识，还提高了团队协作、人际沟通、分析问题与解决问题等软能力。</span></p><p style=\"text-indent: 2em; text-align: center;\"><br></p>', 2, '2023-01-31 17:08:49.723000', '2023-01-31 17:08:49.723000', 43);
INSERT INTO `information_detail` VALUES (44, '<p style=\"text-indent: 2em; text-align: start;\">为进一步推动和深化教育教学研究与改革，帮助广大教师提高教育教学研究水平，培育优秀教学成果，1月16日下午，淬炼商学院特邀泰山科技学院任一鑫教授和晋中信息学院朱晶晶老师开展“教科研项目申报与撰写”专题培训会议。淬炼商学院70余名教师参加了此次培训，会议以线上形式开展，由淬炼商学院副院长陈晓曼主持。</p><p style=\"text-indent: 2em; text-align: start;\">会议中，泰山科技学院任一鑫教授结合自己丰富的教学研究经验，从研究领域与方向选择、四位一体的涵义、横向与纵向项目的关系、科研-服务社会与教学的关系等多个方面，深入浅出地讲解了科研方向选择、研究问题来源以及科研项目途径与方法等内容。同时，重点强调了科研与服务社会的关系，科研引领教学，科研要服务于社会。</p><p style=\"text-indent: 2em; text-align: center;\"><img src=\"http://localhost:8000/information/87787c8f-b30d-4b69-aeca-305290eac23c.jpeg\" alt=\"\" data-href=\"\" style=\"\"></p><p style=\"text-indent: 2em; text-align: center;\"><img src=\"http://localhost:8000/information/2196ce22-0989-45c2-a0e9-47553424203f.jpeg\" alt=\"\" data-href=\"\" style=\"width: 596.00px;height: 452.40px;\"></p><p style=\"text-indent: 2em; text-align: center;\"><br></p><p style=\"text-indent: 2em; text-align: center;\"><img src=\"http://localhost:8000/information/eb36769f-6cb5-46c4-aa2a-55beb476d54a.jpeg\" alt=\"\" data-href=\"\" style=\"width: 611.00px;height: 463.79px;\"></p><p style=\"text-indent: 2em; text-align: center;\"><br></p><p style=\"text-indent: 2em; text-align: left;\"><span style=\"color: rgb(0, 0, 0); background-color: rgb(255, 255, 255);\">晋中信息学院朱晶晶老师结合自己的课题申报及撰写经历，从申报历程、确定选题、撰写申报书等方面分享了高校教改课题申报的经验，并指出了在申报和撰写中经常出现的问题，老师们收获良多。</span></p><p style=\"text-indent: 2em; text-align: center;\"><img src=\"http://localhost:8000/information/659cebe2-59f1-4d6f-bd24-9e2beccdd06d.jpeg\" alt=\"\" data-href=\"\" style=\"\"></p><p style=\"text-indent: 2em; text-align: center;\"><br></p><p style=\"text-indent: 2em; text-align: center;\"><img src=\"http://localhost:8000/information/e543582f-b7b2-45a6-93d9-59b3ddf48b44.jpeg\" alt=\"\" data-href=\"\" style=\"\"></p><p style=\"text-indent: 2em; text-align: left;\"><br></p><p style=\"text-indent: 2em; text-align: center;\"><img src=\"http://localhost:8000/information/b7895b05-d79d-4c8e-9b3d-45494a13f4ae.jpeg\" alt=\"\" data-href=\"\" style=\"\"></p><p style=\"text-indent: 2em; text-align: start;\"><br></p><p style=\"text-indent: 2em; text-align: start;\">最后，陈晓曼副院长对本次会议做了总结，项目撰写需要和自身课程、实战项目、挂职锻炼等方面做融合，围绕“新商科”模式开展各项工作，并鼓励老师们利用寒假时间多思考，多积累，积极参加各类项目申请，提升自己。</p><p style=\"text-indent: 2em; text-align: start;\">本次专题培训，提高了教师参与教学改革的积极性，为未来教科研项目申报质量提升奠定了良好的基础，对提高教师教学研究水平，推动学院教科研改革工作申报与开展具有重要意义。</p>', 4, '2023-01-31 17:12:31.235000', '2023-01-31 17:12:57.971000', 44);
INSERT INTO `information_detail` VALUES (45, '<p style=\"text-indent: 2em;\"><span style=\"color: rgb(0, 0, 0); background-color: rgb(255, 255, 255);\">中国共产党第二十次全国代表大会是在全党全国各族人民迈上全面建设社会主义现代化国家新征程、向第二个百年奋斗目标进军的关键时刻召开的一次十分重要的大会，是党和国家政治生活中的一件大事。为深入学习宣传贯彻习近平新时代中国特色社会主义思想和党的二十大精神，围绕党的二十大主要成果、过去五年的工作和新时代十年的伟大变革、马克思主义中国化时代化的新论断、新时代新征程中国共产党的中心任务等方面内容，强化对青年学生的价值引领和人生指导，加强学生爱国主义教育，习近平新时代中国特色社会主义思想研习社勇担使命，于12月29日下午三点半在线上开展以“奋进新征程，建功新时代”为主题的学习活动。此次活动由习近平新时代中国特色社会主义思想研习社副社长陈安年同学主持，马克思主义学院唐菊相、曹席等老师参加。</span></p><p style=\"text-indent: 2em; text-align: center;\"><img src=\"http://localhost:8000/information/55d4a404-5b4a-47ba-8216-1675e8aa0b01.jpeg\" alt=\"\" data-href=\"\" style=\"width: 567.75px;height: 292.18px;\"></p><p style=\"text-indent: 2em; text-align: center;\"><span style=\"color: rgb(0, 0, 0); background-color: rgb(255, 255, 255);\"><strong>播撒希望火种，成就青春梦想</strong></span></p><p style=\"text-indent: 2em; text-align: left;\"><span style=\"color: rgb(0, 0, 0); background-color: rgb(255, 255, 255);\">中国共产党人探索追求现代化的历程，从一开始就洋溢着浓郁的青春气质。22级广播电视编导5班王馨茹同学以自身志愿者经历，围绕“青春与运动”为题进行了畅谈。她一方面希望同学们积极参加志愿服务，加强社会主义核心价值观的建设，以实际行动践行党的二十大精神；另一方面鼓励同学们面对疫情积极参与运动，提升个人素质，共建健康中国。</span></p><p style=\"text-indent: 2em; text-align: center;\"><img src=\"http://localhost:8000/information/9d5dfbd2-8e1b-4098-89dd-034ee6375fac.jpeg\" alt=\"\" data-href=\"\" style=\"width: 520.75px;height: 347.15px;\"></p><p style=\"text-indent: 2em; text-align: center;\"><strong>党的二十大和我的人生路</strong></p><p style=\"text-indent: 2em; text-align: start;\">青春之力也是胸怀天下、脚踏实地的团结之力、奋斗之力、自我革命之力。艺术传媒学院22级数字媒体艺术5班张雯雯紧接着讲述了个人学习二十大精神的思想感悟。她谈到学习贯彻党的二十大精神，就要深刻把握全面建成社会主义现代化强国总的战略安排和未来五年的主要目标任务。埋头苦干、担当作为，不断推进社会主义现代化建设。她说，作为青年，我们应努力学习科学文化知识，承担责任，解放自己的思想，实事求是抓住一切实践机会去锻炼自己，为实现党的纲领而储备力量。我们广大青年要通过实践奋斗，检验所学的知识、技能、本领，经受磨练，从而不断吸取经验走向成熟、走向成功。要让青春在全面建设社会主义现代化国家的火热实践中绽放绚丽之花。</p><p style=\"text-indent: 2em; text-align: center;\"><img src=\"http://localhost:8000/information/2108d032-ace8-4085-b71f-7fb532f4aa4e.jpeg\" alt=\"\" data-href=\"\" style=\"width: 525.55px;height: 312.30px;\"></p><p style=\"text-indent: 2em; text-align: center;\"><strong>强国复兴有我</strong></p><p style=\"text-indent: 2em; text-align: start;\">党的二十大报告更提出“全党要把青年工作作为战略性工作来抓”，历史反复证明：代表广大青年、赢得广大青年、依靠广大青年是我们党不断从胜利走向胜利的重要保证。艺术传媒学院22级数字媒体艺术6班张政吉同学分享参与实践活动的收获感悟。他谈到，在面对世纪疫情时，青年是抗疫的重要力量，更是祖国建设的主力军，在面对国际国内风高浪急的各种冲击，要做一个有血性、有品德、有担当的人。青年在新时代要朝着做一名合格党员而奋斗：要有服务意识，纪律意识，模范意识，要始终坚持学习，要有坚定的理想信念。</p><p style=\"text-indent: 2em; text-align: center;\"><img src=\"http://localhost:8000/information/93a6942e-8f49-41dc-856d-7e02d22d8ca1.jpeg\" alt=\"\" data-href=\"\" style=\"width: 498.55px;height: 332.36px;\"></p><p style=\"text-indent: 2em; text-align: left;\"><span style=\"color: rgb(0, 0, 0); background-color: rgb(255, 255, 255);\">甘雨琴和罗雅琦同学也在活动中以歌曲演绎和硬笔书法展示等方式表达传承红色基因的决心，以独特的方式传达对党、对祖国的最真挚的爱。</span></p><p style=\"text-indent: 2em; text-align: center;\"><img src=\"http://localhost:8000/information/cfda8185-add5-4872-b1cb-797ddc3f77d0.jpeg\" alt=\"\" data-href=\"\" style=\"width: 529.55px;height: 529.55px;\"></p><p style=\"text-indent: 2em; text-align: left;\"><span style=\"color: rgb(0, 0, 0); background-color: rgb(255, 255, 255);\">未来属于青年，希望寄予青年。最后，唐菊相老师对活动进行了总结，讲到：习近平总书记在党的二十大报告中勉励广大青年坚定不移听党话、跟党走，怀抱梦想又脚踏实地，敢想敢为又善作善成，立志做有理想、敢担当、能吃苦、肯奋斗的新时代好青年，让青春在全面建设社会主义现代化国家的火热实践中绽放绚丽之花。此次活动希望同学们通过分享进一步理解党的二十大精神，更加坚定不移听党话、跟党走，争做堪当民族复兴重任的时代新人，在全面建设社会主义现代化国家伟大征程中团结奋斗、贡献力量。</span></p><p style=\"text-indent: 2em; text-align: center;\"><img src=\"http://localhost:8000/information/37e6f259-b5c8-4895-8b32-4a71c2c651d0.jpeg\" alt=\"\" data-href=\"\" style=\"width: 603.55px;height: 844.96px;\"></p>', 1, '2023-01-31 17:18:11.018000', '2023-01-31 17:18:11.018000', 45);
INSERT INTO `information_detail` VALUES (46, '<p style=\"text-indent: 2em;\"><span style=\"color: rgb(0, 0, 0); background-color: rgb(255, 255, 255);\">1月11号上午9:00，中国新商科大学集团商科教育常务委员会2022-2023学年第一学期期末总结会线上召开，参会人员有集团商科教育委员会主任、商科带头人廖成林教授，泰山科技学院常务副校长胡继连教授，晋中信息学院副校长苏琳，集团商科教育委员会主任助理、重庆移通学院校长助理兼淬炼·国际商学院院长张平，晋中信息学院淬炼·国际商学院副院长牛晋霞，泰山科技学院淬炼·国际商学院副院长鹿敏，重庆移通学院淬炼·国际商学院副院长曾璐、范保珠、陈晓曼。会议由商科教育委员会主任、商科带头人廖成林教授主持。</span></p><p style=\"text-indent: 2em; text-align: center;\"><img src=\"http://localhost:8000/information/e8105dc6-f2fb-4dc6-a428-01fd0a23af90.jpeg\" alt=\"\" data-href=\"\" style=\"\"></p><p style=\"text-indent: 2em;\"><span style=\"color: rgb(0, 0, 0); background-color: rgb(255, 255, 255);\">1月11号上午9:00，中国新商科大学集团商科教育常务委员会2022-2023学年第一学期期末总结会线上召开，参会人员有集团商科教育委员会主任、商科带头人廖成林教授，泰山科技学院常务副校长胡继连教授，晋中信息学院副校长苏琳，集团商科教育委员会主任助理、重庆移通学院校长助理兼淬炼·国际商学院院长张平，晋中信息学院淬炼·国际商学院副院长牛晋霞，泰山科技学院淬炼·国际商学院副院长鹿敏，重庆移通学院淬炼·国际商学院副院长曾璐、范保珠、陈晓曼。会议由商科教育委员会主任、商科带头人廖成林教授主持。</span></p><p style=\"text-indent: 2em; text-align: center;\"><img src=\"http://localhost:8000/information/e6887757-5526-4552-8c22-ba8321dd3828.jpeg\" alt=\"\" data-href=\"\" style=\"width: 614.55px;height: 328.35px;\"></p><p style=\"text-indent: 2em; text-align: start;\">本次会议主要内容是：三校四区商学院院长对标《集团三校四区新商科联动推进计划表（2022.9－2023.1）》汇报2022-2023学年第一学期新商科建设工作，以及存在的问题与对策，校领导点评及建议，商科教育委员会主任、商科带头人廖成林教授对本次会议做会议总结及提议。</p><p style=\"text-indent: 2em; text-align: start;\"><strong>第一阶段：三校四区商学院院领导工作汇报</strong></p><p style=\"text-indent: 2em; text-align: start;\">首先，由重庆移通学院淬炼·国际商学院副院长范保珠对重庆移通学院綦江校区新商科联动推进情况进行工作汇报。范保珠副院长围绕集团新商科战略宣贯、信息产业专业建设、信息产业课程建设、四位一体双院制融合推进、实战项目成果、师资队伍建设、管理体系优化、设施基地建设、品牌营销与宣传九个方面做出了总结，对本学期工作过程中遇到的一些主要问题以及针对綦江校区2023年的重点工作计划谈了自己的看法和规划。</p><p style=\"text-indent: 2em; text-align: center;\"><img src=\"http://localhost:8000/information/d6daeea9-72e7-4905-9c3d-29840b73c400.jpeg\" alt=\"\" data-href=\"\" style=\"\"></p><p style=\"text-indent: 2em; text-align: start;\">晋中信息学院副校长苏琳指出，商科教育现在还面临问题和困难，应该集中精力解决优先的问题，并且打造亮点，尤其是对于专业建设、课程建设、团队师资建设等，要扎实、高效的开展活动，找到解决问题的有效手段；在面临新老师的问题时，要扎实的做好新老师的工作，一如既往的培养老师们持续学习、不断学习的能力；要加强团队的建设和团队文化建设，做好团队归属感、团队凝聚力的塑造和培养，给大家创造一个良好的工作和生活环境与氛围。</p><p style=\"text-indent: 2em; text-align: start;\">泰山科技学院常务副校长胡继连认为，各位院领导提出了问题，说明大家有思考，这些问题是属于发展中的问题，正是因为有这些问题，才能推动大家的工作更上台阶、进一步发展，发现问题解决问题，可能难度大，但是攻克了问题就是事业发展的一个新阶段、新境界。胡继连副校长还提出，应该发自内心的认真学习集团办学理念，认真的学习彭总的讲话，认真的把彭总的讲话精神变成自己的行动指南，在实际工作中结合自己工作实际去践行。</p><p style=\"text-indent: 2em; text-align: start;\"><br></p><p style=\"text-indent: 2em; text-align: start;\"><strong>第三阶段：会议总结及提议</strong></p><p style=\"text-indent: 2em; text-align: start;\">会议最后，集团商科教育委员会主任、商科带头人廖成林教授对本次会议做出总结并提出建议。</p><p style=\"text-indent: 2em; text-align: start;\">廖成林教授首先向参会人员汇报了2022-2023学年第一学期商科委员会的基本工作情况，并根据大家的工作计划，提出了2023年工作思路，特别指出商科教育委员会的各位委员除了本职工作的推进和强化，还应该更多关注、研究和思考新商科的教育模式和教育管理，为集团决策提供参考建议。同时廖教授还对三校四区各位院长提出工作建议，加强科学管理，用合适的管理工具和制度流程机制，更好的提高管理效率，并鼓励大家实干真干，大胆的干，瞄准2023年的任务和目标大胆的创新！</p><p style=\"text-indent: 2em; text-align: center;\"><img src=\"http://localhost:8000/information/1390b31b-dac0-4b5c-8481-21bda0af2328.jpeg\" alt=\"\" data-href=\"\" style=\"width: 655.55px;height: 368.52px;\"></p><p style=\"text-indent: 2em;\"><span style=\"color: rgb(0, 0, 0); background-color: rgb(255, 255, 255);\">本次会议的召开，总结了集团三校四区2022-2023学年第一学期新商科联动推进工作，部署了2023年工作任务，统一思想，凝聚共识，为进一步推进集团商科教育高质量发展凝神聚力！</span></p>', 1, '2023-01-31 17:21:10.239000', '2023-01-31 17:21:10.239000', 46);
INSERT INTO `information_detail` VALUES (47, '<p style=\"text-indent: 2em;\"><span style=\"color: rgb(0, 0, 0); background-color: rgb(255, 255, 255);\">为深入学习贯彻党的二十大精神，发扬党内民主、加强党内监督、交流思想、统一认识，不断推进党的建设，淬炼商学院党总支于1月9日上午，线上召开了2022年度淬炼商学院党总支委员民主生活会。淬炼商学院党总支书记张平同志主持会议，总支委员刘薇唯、曾璐、陈晓曼、廖进、王玉勤、唐世静参会。</span></p><p style=\"text-indent: 2em; text-align: center;\"><img src=\"http://localhost:8000/information/59b29d34-c424-4d0d-9d92-ec9ad04717ba.jpeg\" alt=\"\" data-href=\"\" style=\"width: 603.55px;height: 363.90px;\"></p><p style=\"text-indent: 2em;\"><span style=\"color: rgb(0, 0, 0); background-color: rgb(255, 255, 255);\">张平同志代表党总支，从组织结构、党委分工、党建职责、主题活动形式、党员发展等方面做了工作报告。通过前期谈心谈话、问题梳理、征求意见等多种方式，结合淬炼商学院党总支工作实际，查摆了问题、剖析了原因。总支委员们经过激烈的讨论，明确了整改的方向和措施。</span></p><p style=\"text-indent: 2em; text-align: center;\"><img src=\"http://localhost:8000/information/aa3e792a-2aec-418c-bb9d-5ed61876f798.jpeg\" alt=\"\" data-href=\"\" style=\"width: 618.55px;height: 349.88px;\"></p><p style=\"text-indent: 2em;\"><br></p><p style=\"text-indent: 2em;\"><span style=\"color: rgb(0, 0, 0); background-color: rgb(255, 255, 255);\">最后张平同志对此次民主生活会做了总结，在全体党员同志的努力下，淬炼商学院2022年度党建工作取得了一定成绩，但也有不足，对检视出的问题需要及时整改，期待新的一年里淬炼商学院的党建工作能够再上一个台阶。</span></p>', 1, '2023-01-31 17:23:30.441000', '2023-01-31 17:23:30.441000', 47);
INSERT INTO `information_detail` VALUES (50, '<p style=\"text-indent: 2em; text-align: start;\">为了加强异科老师与同学之间的交流，增进师生间的沟通。同时正值世界杯刚刚结束，同学们的热情不减，异科导师郭静老师于12月21日晚20点在腾讯会议上开展了以分享“我最喜欢的球星”为主题的线上交流会,淬炼商学院2022级市场营销专升本9班和智能工程学院自动化1班的同学参与其中。</p><p style=\"text-indent: 2em; text-align: start;\">郭静老师首先向同学们分享了他最欣赏的球星，来自巴西的传奇球星，被世人誉为“足球精灵”的“小罗”罗纳尔迪尼奥，从而让同学们率先了解到老师喜欢的球星。</p><p style=\"text-indent: 2em; text-align: start;\">接下来市场营销专业的王圆圆同学分享了她最喜欢的球星，同样来自巴西的现任巴西队长内马尔。除了英俊的样貌，内马尔精湛的球技也深深的吸引了同学们的喜爱。</p><p style=\"text-indent: 2em; text-align: center;\"><img src=\"http://localhost:8000/information/d30fec80-0f01-4d61-af12-b00d6a07fe7e.jpeg\" alt=\"\" data-href=\"\" style=\"width: 583.55px;height: 311.14px;\"></p><p style=\"text-indent: 2em; text-align: start;\"><span style=\"color: rgb(0, 0, 0); background-color: rgb(255, 255, 255);\">同样来自市场营销专业的苏杭同学则向大家分享了带领克罗地亚队在2018年世界杯和2022年世界杯分别获得亚军和季军的克罗地亚队队长莫德里奇。一位曾经在战火中长大，怀揣足球梦想的放羊娃，不断努力拼搏，大器晚成，从而成为欧洲顶级俱乐部皇家马德里的主力中场，随队获得多次冠军，并在2018年力压梅西和C罗，成为首位在同一年包揽世界杯金球奖、世界足球先生和金球奖的第一人。</span></p><p style=\"text-indent: 2em; text-align: center;\"><img src=\"http://localhost:8000/information/685351f2-085c-489e-9550-c28c3bb09235.jpeg\" alt=\"\" data-href=\"\" style=\"width: 579.55px;height: 320.74px;\"></p><p style=\"text-indent: 2em; text-align: center;\"><br></p><p style=\"text-indent: 2em; text-align: center;\"><img src=\"http://localhost:8000/information/bdc4d25a-c94c-4645-9308-ce57951fe390.jpeg\" alt=\"\" data-href=\"\" style=\"width: 569.55px;height: 320.36px;\"></p><p style=\"text-indent: 2em; text-align: start;\">学生感受：通过参与这次分享会，不光领略了各位同学所欣赏的球星，并从他们的生活经历中学到成功并不是与生俱来的，更是自己不断拼搏，努力到最后一刻得来的。命运不到最后一刻都不知道结果，但拼搏和努力确要从头开始，一分一毫都不能缺少。</p>', 1, '2023-01-31 17:30:07.939000', '2023-01-31 17:30:07.939000', 50);
INSERT INTO `information_detail` VALUES (51, '<p style=\"text-indent: 2em;\"><span style=\"color: rgb(0, 0, 0); background-color: rgb(255, 255, 255);\">金砖国家技能发展与技术创新大赛是2017年金砖国家最高领导人会晤筹备委员会认可、经中华人民共和国外交部同意、金砖国家工商理事会批准的国际大赛。智能工程学院首次组队参加2022一带一路暨金砖大赛之城市轨道交通运营设计与应急处理赛项，经过初赛激烈角逐，个人赛道2名选手和创新赛道2只队伍入围决赛。在全国总决赛的舞台上，面对来自全国的众多高校和参赛队伍的压力，参赛师生从容应战，在个人赛道中荣获一等奖1项（获得国际赛参赛资格），二等奖1项。在创新赛道中获二等奖1项，获得优秀奖1项。同时荣获优秀指导教师，优秀组织奖等。</span></p><p style=\"text-indent: 2em; text-align: center;\"><img src=\"http://localhost:8000/information/96567c2c-1136-49b7-a1c0-68ffee88eeba.jpeg\" alt=\"\" data-href=\"\" style=\"width: 512.55px;height: 480.00px;\"></p><p style=\"text-indent: 2em; text-align: center;\"><img src=\"http://localhost:8000/information/ebe56f45-5ebb-4351-84d1-1956430dfedb.jpeg\" alt=\"\" data-href=\"\" style=\"width: 550.55px;height: 309.68px;\"></p><p style=\"text-indent: 2em;\"><span style=\"color: rgb(0, 0, 0); background-color: rgb(255, 255, 255);\">本次大赛赛项围绕城市轨道交通运营管理技术技能进行设计，个人赛道需要完成指定的技术技能任务，需要5台电脑同时安装软件运行；创新赛道针对城市轨道交通运营管理具体问题，运用相关专业知识，提出优化方法或解决方案。在暑假期间，参赛团队在指导老师的带领下，利用轨道交通实践中心作为训练场地，指导老师们给参赛选手们开展了理论培训、实践操作以及交流研讨等各类活动，展现了我校“四位一体+双院制”人才培养优势，在实践中践行完满教育。</span></p><p style=\"text-indent: 2em; text-align: center;\"><img src=\"http://localhost:8000/information/6b046e08-4e8a-45d6-90a1-82c86c3eba04.jpeg\" alt=\"\" data-href=\"\" style=\"width: 648.55px;height: 324.27px;\"></p><p style=\"text-indent: 2em;\"><span style=\"color: rgb(0, 0, 0); background-color: rgb(255, 255, 255);\">此次一带一路暨金砖大赛荣获佳绩是全体参赛师生的努力成果，也是践行学校“四位一体+双院制”人才培养模式的最佳证明。在比赛过程中，各位指导老师各司其职，在指导竞赛过程中不断反思和改进教学方法，利用多重教学手段，以实现以赛促教的目的。各位参赛的同学也在这个过程中实践理论知识，锻炼自己的统筹规划能力、实践探索能力、团队协作能力和抗压能力，在国赛的舞台上展现了移通学子的风采。通过理论与实践相结合、教与学相碰撞，相信以后在更广阔的舞台上，移通师生会取得更加优异的成绩。</span></p>', 0, '2023-01-31 17:32:25.367667', '2023-01-31 17:32:25.367667', 51);
INSERT INTO `information_detail` VALUES (52, '<p style=\"text-indent: 2em; text-align: start;\">为深化产教融合，持续推进商科课程和校企实战项目的深度融合，助力《市场营销学》、《营销策划课程设计》及相关专业课程的教学改革，市场营销教研室、领导力提升课程和基础教研室持续推出企业高管系列讲座。受疫情影响，所以本次讲座以实地访谈的形式开展。1月11日上午，淬炼·国际商学院陈郑老师前往位于合川智慧广场的前方通讯设备有限责任公司进行实地访谈，深入探访华为、小米体验店的产品及经营情况，并与重庆前方通讯设备有限责任公司总经理李廷廷进行了深入的沟通和交流，同时拍摄了视频和录音，同步向学生进行推送。</p><p style=\"text-indent: 2em; text-align: center;\">本次实地访谈，李总分别从多个维度介绍了公司情况，包括企业历程、公司架构、远景规划、产品系列、销售实绩、品质保证、开发能力、客户评价等。首先，李总在采访中提到本公司1998年创建于合川，拥有23年的发展历史，致力于为客户提供高质量的生活体验。谈到华为体验店的运营情况时，李总指出现阶段及未来一段时间都是基于“人、车、家合一”的智慧发展战略，即智能手机与智能汽车的联动化发展，使消费者感受到“以家为单位”的智慧化生活。然后，就陈郑老师提出华为体验店面临的优势、劣势、机会和威胁，李总都给出了精彩的回答。关于通讯版块，李总指出目前集团正在构建“1+8”的运营模式，即手机加其它8种设备的智能化融合，如智能手表、华为笔记本电脑、华为平板电脑、华为智慧电视等，都可以做到无缝连接的智能化联动。除通讯版块外，目前比较热门的新能源汽车问界M5和问界M7也入驻华为体验店，并且华为通讯设备可以与问界汽车实现高度的融合，打造鸿蒙生态智能化座舱，并实现NFC快速解锁汽车、手机桌面APP高度远程控制等实际场景。前方通讯设备有限责任公司作为华为合作的核心商家之一，相信华为这个民族品牌，相信华为会通过自研的5G芯片，为消费者带来更好的智能化的通讯体验。<img src=\"http://localhost:8000/information/88854f0d-3fc1-491c-a22d-3fbbe6c4a909.jpeg\" alt=\"\" data-href=\"\" style=\"width: 570.75px;height: 428.05px;\"></p><p style=\"text-indent: 2em; text-align: start;\">李总通过介绍前方通讯设备有限责任公司相关的销售数据和电话回访的数据，向我们展示了该公司超高的顾客满意度，并相信未来还会有更好的销售成绩和更好的顾客体验。同时表示，前方通讯设备有限责任公司要跟华为和小米这两个民族企业一样，要做国民心目中的好企业、高度热爱这个行业。最后，李总还就“学生如何成为一名合格的公司员工”给出了非常宝贵的建议。</p><p style=\"text-indent: 2em; text-align: start;\">实地访谈结束后，校企双方还达成了以下共识：一是该公司会积极配合淬炼商学院完成《市场营销学》等课程的建设；二是该公司希望与淬炼商学院一起深入合作，企业、教师和学生共同参与完成一些企业实战类项目；三是该公司愿意成为淬炼商学院的新商科人才培养基地，学生可以到该公司进行实习和就业，教师可以进行挂职锻炼，下学期双方将完成校企合作协议的签定。</p><p style=\"text-indent: 2em; text-align: center;\"><img src=\"http://localhost:8000/information/842f129a-e241-456e-b6e7-296debe740b4.jpeg\" alt=\"\" data-href=\"\" style=\"width: 611.55px;height: 458.65px;\"></p><p style=\"text-indent: 2em; text-align: start;\">经历了近两个小时的实地访谈所获取的宝贵信息，使老师和同学们都获益颇多。本次访谈使我们感受到前方通讯设备有限责任公司作为地方企业的使命和责任感，见识到了李总的风采，也更加坚定了同学们努力汲取专业知识，理论与实践相结合，树立敢想、敢拼、敢干、敢创新的扎实作风，也为同学们以后的就业和发展指明了方向，使参与本课程学习的同学们对企业有了更直观和充分的了解，为各课程小组撰写营销策划方案提供更详实的一手企业资料，有效地推动了新商科课程改革，践行了“商科课程+信息产业+完满通识+实战项目+大师课”的信息产业市场营销专业特色“新商科”模式。最后，感谢李廷廷总经理对同学们毫无保留的分享以及学院的大力支持！<br></p>', 0, '2023-01-31 17:34:22.599140', '2023-01-31 17:34:22.599140', 52);
INSERT INTO `information_detail` VALUES (53, '<p style=\"text-indent: 2em; text-align: start;\"><strong>新智能ER的完满画册</strong></p><p style=\"text-indent: 2em; text-align: start;\">缤纷移通，鲜活完满。2022级智能工程学院新主人的完满生活在不断开展的完满教育活动中徐徐展开……</p><p style=\"text-indent: 2em; text-align: start;\">为了让2022级新生快速适应完满教育，融入移通学院，智能工程学院自九月开学以来，一直开展入学教育系列活动以及完满教育四大板块活动，帮助新生们为未来大学完满生活奠定基础。</p><p style=\"text-indent: 2em; text-align: start;\"><strong>入学教育助完满</strong></p><p style=\"text-indent: 2em; text-align: start;\">金秋九月，开学佳季，新生们虽有离家的不舍，但也充满了对未来大学生活的期望。智能工程学院为让新生快速适应大学生活，在开学之初，便开展防诈骗宣传活动、完满解读、专业解读、辅导员第一课等活动帮助新生们融入校园。</p><p style=\"text-indent: 2em; text-align: start;\">22级新生兰高恒同学参加入学教育系列活动后，表示自己已经对学校的教育方针有了初步的了解，并对未来大学四年的生活有了一定的规划，其中的专业解读活动为他指明了发展方向以及奋斗目标，防诈骗活动以及辅导员第一课等活动也让其受益良多。</p><p style=\"text-indent: 2em; text-align: center;\"><img src=\"http://localhost:8000/information/f7b8c1bf-65d1-4db9-8a98-d1d2a81501da.jpeg\" alt=\"\" data-href=\"\" style=\"width: 515.55px;height: 386.65px;\"></p><p style=\"text-indent: 2em; text-align: start;\">在学院开展的各系列活动中，新生们担任着旁观者、参与者的身份，但这仅仅只是开始，让新生们在活动中成长为组织者、领导者才是学院及个人不断努力的最终目的，也是学院方面以及新生本身想要的最终结果。前行之路已然铺好，前进方向也已指明，只待智工学子努力拼搏，奋勇前行。2022级智工学子们，请备好行囊，全力以赴，乘风破浪，踏上新征程！</p>', 1, '2023-01-31 17:35:39.332000', '2023-01-31 17:35:39.332000', 53);
INSERT INTO `information_detail` VALUES (54, '<p style=\"text-indent: 37px;\"><span style=\"font-size: 19px;\">为助力多维度育人平台构建，促进“共建、共育、共享”的教育管理服务模式建立，充分发挥项目导师与书院融合育人的积极作用，全方位服务学生成长，12月，花果书院各项目导师（团队）共开展7次活动，结合学生离校返乡的实际，本月活动均通过线上平台开展。</span></p><p style=\"text-indent: 37px;\"><strong>聚焦言语表达，触发思维训练</strong></p><p style=\"text-indent: 37px;\"><span style=\"font-size: 19px;\">12月4日晚，花果书院语言表达训练营（第6期）在腾讯会议顺利开展，活动由艺术传媒学院刘思雨老师主讲。此次活动，刘思雨老师向参与者们讲授了语言表达的文案构造以及传达语言沟通的注意要点，让参与者们在理论课程中明晰了语言表达能力在日常生活中的重要性，理解掌握了语言表达的内在逻辑思维。</span></p><p><br></p><p style=\"text-align: center;\"><img src=\"https://www.cqyti.com/__local/E/6F/8D/D993ADC2A19F28E98A252173BC8_4554007F_A7228.jpg\" alt=\"\" data-href=\"\" style=\"\"></p><p><br></p><p style=\"text-indent: 37px;\"><strong>碰撞思想火花，引领青春思索</strong></p><p style=\"text-indent: 37px; text-align: left;\"><span style=\"font-size: 19px;\">12月7日下午，马克思主义学院联合花果书院在线上开展了以“遇见‘心’朋友，人际关系‘新’技巧”为主题的“青春思索”主题沙龙（第42期），活动由马克思主义学院廖洪瑶、周敏老师主持。廖洪瑶老师通过大学生常见心理问题引申到大学生人际交往问题，分享了“建立良好的第一印象”“主动热情与人交谈”“积极倾听认真反馈”等一系列拉近人与人之间距离的小技巧，鼓励参与者们积极与人沟通，在实践中提升人际交往能力。</span></p><p style=\"text-indent: 37px; text-align: left;\"><span style=\"font-size: 19px;\">12月14日下午， “青春思索”主题沙龙活动（第43期）在腾讯会议开展，马克思主义学院王佳丽、王成宇两位老师以“展现青春活力，弘扬体育精神”为主题，带领参与者们围绕“体育精神”展开讨论，老师们以卡塔尔世界杯为切入点，引导参与者们通过世界杯看到世界杯传递的精神内涵，从而进一步培树立体育精神，传承体育精神。</span></p><p style=\"text-align: left;\"><br></p><p style=\"text-align: center;\"><img src=\"https://www.cqyti.com/__local/7/0A/7D/68E3F2817753B5A611E550A6878_AF184977_92C3A.jpg\" alt=\"\" data-href=\"\" style=\"\"></p><p style=\"text-align: left;\"><br></p><p style=\"text-indent: 37px;\"><strong>挑战大胆发声，开启播客体验</strong></p><p style=\"text-indent: 37px; text-align: left;\"><span style=\"font-size: 19px;\">12月11日、12月14日，“感召之声”电影播客训练营（第3、4期）活动在线上举办。在第3期活动中，电影评论中心何雨恒老师带领参与者们学习了线上形式录制播客节目，以“疫情后的第一场电影”为主题，和参与者们畅聊了对影院复苏的看法。在第4期活动中，何雨恒老师从播客的特点入手，为同学们分析了播客区别于其他“耳朵经济”产品的特点，进而分析播客在互联网时代的优势。并以具体的播客主的为例，帮助参与者了解播客从业者的真实录制情况和商业渠道，让参与者们对播客有了更加深入的了解。</span></p><p style=\"text-align: left;\"><br></p><p style=\"text-align: center;\"><img src=\"https://www.cqyti.com/__local/A/A7/D4/D9C2BF58E437475FD037B21E7D4_9399B31B_B48A6.jpg\" alt=\"B48A6\" data-href=\"\" style=\"\"></p><p style=\"text-align: left;\"><br></p><p style=\"text-indent: 37px;\"><strong>解读电影经典，领略科幻魅力</strong></p><p style=\"text-indent: 37px; text-align: left;\"><span style=\"font-size: 19px;\">12月19日晚，科幻电影之旅（第5期）在腾讯会议开展。钓鱼城科幻学院赵洋老师通过介绍动画电视短剧《爱、死亡与机器人》，为参与者们解读了在眼花缭乱的剧情故事背后隐藏的导演的深邃的思想洞见以及对未来的思考。</span></p><p style=\"text-indent: 37px; text-align: left;\"><span style=\"font-size: 19px;\">12月21日上午，科幻电影之旅（第6期）如期开展，钓鱼城科幻学院梁紫微、赵洋、钟树葳、李春阳四位老师以新的视角为参与者们介绍了世界上第一部科幻电影《月球旅行记》，以讲故事的方式与参与者们一起展开关于世界科幻电影的漫谈。</span></p><p style=\"text-align: left;\"><br></p><p style=\"text-align: center;\"><img src=\"https://www.cqyti.com/__local/C/48/F5/ECF173B0A37E6F10BF3E45DBDE6_FC664FC0_B76E4.jpg\" alt=\"\" data-href=\"\" style=\"\"></p><p style=\"text-align: left;\"><br></p><p style=\"text-indent: 37px;\"><span style=\"font-size: 19px;\">花果书院始终坚持与各项目导师（团队）共同构建书院师生朋辈互助圈层，结合感召力培育和“家文化”等工作愿景和发展目标，常态化地开展项目导师各项工作。各项目导师通过自身的人格、学识和人生经验对学生的个人成长和专业学习进行充分指导，助力书院深入推进以“学生为中心”的教育理念和“四位一体双院制”人才培养模式的传播融合。</span></p><p style=\"text-indent: 37px;\"><br></p>', 1, '2023-01-31 17:37:33.654000', '2023-01-31 17:37:33.654000', 54);

-- ----------------------------
-- Table structure for information_image
-- ----------------------------
DROP TABLE IF EXISTS `information_image`;
CREATE TABLE `information_image`  (
  `id` int NOT NULL AUTO_INCREMENT COMMENT '资讯图片ID',
  `filename` varchar(255) CHARACTER SET utf8mb4 COLLATE utf8mb4_0900_ai_ci NOT NULL COMMENT '文件名',
  `mimetype` varchar(64) CHARACTER SET utf8mb4 COLLATE utf8mb4_0900_ai_ci NOT NULL COMMENT 'mimetype',
  `size` int NOT NULL COMMENT '字节数',
  `createAt` datetime(6) NOT NULL DEFAULT CURRENT_TIMESTAMP(6) COMMENT '创建时间',
  `updateAt` datetime(6) NOT NULL DEFAULT CURRENT_TIMESTAMP(6) ON UPDATE CURRENT_TIMESTAMP(6) COMMENT '更新时间',
  PRIMARY KEY (`id`) USING BTREE
) ENGINE = InnoDB AUTO_INCREMENT = 49 CHARACTER SET = utf8mb4 COLLATE = utf8mb4_0900_ai_ci ROW_FORMAT = Dynamic;

-- ----------------------------
-- Records of information_image
-- ----------------------------
INSERT INTO `information_image` VALUES (6, '77a9b23b-fe2d-42db-b43a-e9e782d337fe.jpeg', 'image/jpeg', 385727, '2023-01-31 16:54:20.230004', '2023-01-31 16:54:20.230004');
INSERT INTO `information_image` VALUES (7, '547b2fe7-b3df-4159-a157-f686fc35bf68.jpeg', 'image/jpeg', 114187, '2023-01-31 16:56:10.420596', '2023-01-31 16:56:10.420596');
INSERT INTO `information_image` VALUES (8, '9446f835-b13a-4740-9b45-ea905bcc00ee.jpeg', 'image/jpeg', 289163, '2023-01-31 16:57:04.545761', '2023-01-31 16:57:04.545761');
INSERT INTO `information_image` VALUES (9, '6ae8d97c-cde0-4b15-9b3b-8adf2b0393f2.jpeg', 'image/jpeg', 48970, '2023-01-31 17:00:54.160388', '2023-01-31 17:00:54.160388');
INSERT INTO `information_image` VALUES (10, '42adb093-0ac7-4bca-8e8b-0829e0ffe0ff.jpeg', 'image/jpeg', 208385, '2023-01-31 17:01:33.040038', '2023-01-31 17:01:33.040038');
INSERT INTO `information_image` VALUES (11, 'e918c747-634b-4ad6-a188-8f75569691b0.jpeg', 'image/jpeg', 36940, '2023-01-31 17:02:05.245685', '2023-01-31 17:02:05.245685');
INSERT INTO `information_image` VALUES (12, 'e3825515-4cd2-4f3d-83f4-ae7804e2b40e.jpeg', 'image/jpeg', 81868, '2023-01-31 17:02:36.696706', '2023-01-31 17:02:36.696706');
INSERT INTO `information_image` VALUES (13, '873f2dea-8c73-4f08-9547-cc077f32d4a3.jpeg', 'image/jpeg', 41044, '2023-01-31 17:07:12.623484', '2023-01-31 17:07:12.623484');
INSERT INTO `information_image` VALUES (14, 'a2b25c24-7320-414f-b97a-c63666d96cb1.jpeg', 'image/jpeg', 25609, '2023-01-31 17:08:16.638455', '2023-01-31 17:08:16.638455');
INSERT INTO `information_image` VALUES (15, 'a2ca6858-585d-4dee-aa92-368a217ad347.jpeg', 'image/jpeg', 80633, '2023-01-31 17:08:30.664796', '2023-01-31 17:08:30.664796');
INSERT INTO `information_image` VALUES (16, '87787c8f-b30d-4b69-aeca-305290eac23c.jpeg', 'image/jpeg', 29441, '2023-01-31 17:10:02.615112', '2023-01-31 17:10:02.615112');
INSERT INTO `information_image` VALUES (17, '1dbf5c1d-2c58-468a-a774-542f523c93c9.jpeg', 'image/jpeg', 31307, '2023-01-31 17:10:22.403692', '2023-01-31 17:10:22.403692');
INSERT INTO `information_image` VALUES (18, '2196ce22-0989-45c2-a0e9-47553424203f.jpeg', 'image/jpeg', 219038, '2023-01-31 17:10:35.185950', '2023-01-31 17:10:35.185950');
INSERT INTO `information_image` VALUES (19, 'eb36769f-6cb5-46c4-aa2a-55beb476d54a.jpeg', 'image/jpeg', 219038, '2023-01-31 17:11:09.471474', '2023-01-31 17:11:09.471474');
INSERT INTO `information_image` VALUES (20, '659cebe2-59f1-4d6f-bd24-9e2beccdd06d.jpeg', 'image/jpeg', 30592, '2023-01-31 17:11:45.188174', '2023-01-31 17:11:45.188174');
INSERT INTO `information_image` VALUES (21, 'e543582f-b7b2-45a6-93d9-59b3ddf48b44.jpeg', 'image/jpeg', 26625, '2023-01-31 17:12:03.441366', '2023-01-31 17:12:03.441366');
INSERT INTO `information_image` VALUES (22, 'b7895b05-d79d-4c8e-9b3d-45494a13f4ae.jpeg', 'image/jpeg', 48685, '2023-01-31 17:12:18.214616', '2023-01-31 17:12:18.214616');
INSERT INTO `information_image` VALUES (23, '55d4a404-5b4a-47ba-8216-1675e8aa0b01.jpeg', 'image/jpeg', 64722, '2023-01-31 17:14:22.401564', '2023-01-31 17:14:22.401564');
INSERT INTO `information_image` VALUES (24, '9d5dfbd2-8e1b-4098-89dd-034ee6375fac.jpeg', 'image/jpeg', 824825, '2023-01-31 17:14:53.694396', '2023-01-31 17:14:53.694396');
INSERT INTO `information_image` VALUES (25, '2108d032-ace8-4085-b71f-7fb532f4aa4e.jpeg', 'image/jpeg', 705786, '2023-01-31 17:16:18.491061', '2023-01-31 17:16:18.491061');
INSERT INTO `information_image` VALUES (26, '93a6942e-8f49-41dc-856d-7e02d22d8ca1.jpeg', 'image/jpeg', 708702, '2023-01-31 17:16:49.247646', '2023-01-31 17:16:49.247646');
INSERT INTO `information_image` VALUES (27, 'cfda8185-add5-4872-b1cb-797ddc3f77d0.jpeg', 'image/jpeg', 127102, '2023-01-31 17:17:34.164955', '2023-01-31 17:17:34.164955');
INSERT INTO `information_image` VALUES (28, '37e6f259-b5c8-4895-8b32-4a71c2c651d0.jpeg', 'image/jpeg', 876638, '2023-01-31 17:17:59.778128', '2023-01-31 17:17:59.778128');
INSERT INTO `information_image` VALUES (29, 'e8105dc6-f2fb-4dc6-a428-01fd0a23af90.jpeg', 'image/jpeg', 83191, '2023-01-31 17:19:28.599487', '2023-01-31 17:19:28.599487');
INSERT INTO `information_image` VALUES (30, 'e6887757-5526-4552-8c22-ba8321dd3828.jpeg', 'image/jpeg', 433158, '2023-01-31 17:19:54.050865', '2023-01-31 17:19:54.050865');
INSERT INTO `information_image` VALUES (31, 'd6daeea9-72e7-4905-9c3d-29840b73c400.jpeg', 'image/jpeg', 49928, '2023-01-31 17:20:23.073745', '2023-01-31 17:20:23.073745');
INSERT INTO `information_image` VALUES (32, '1390b31b-dac0-4b5c-8481-21bda0af2328.jpeg', 'image/jpeg', 414301, '2023-01-31 17:20:50.481561', '2023-01-31 17:20:50.481561');
INSERT INTO `information_image` VALUES (33, '59b29d34-c424-4d0d-9d92-ec9ad04717ba.jpeg', 'image/jpeg', 515048, '2023-01-31 17:22:31.263009', '2023-01-31 17:22:31.263009');
INSERT INTO `information_image` VALUES (34, 'aa3e792a-2aec-418c-bb9d-5ed61876f798.jpeg', 'image/jpeg', 413899, '2023-01-31 17:23:09.920219', '2023-01-31 17:23:09.920219');
INSERT INTO `information_image` VALUES (35, 'dce27a29-65f8-4fec-9bc9-a9f26ca2a9d1.jpeg', 'image/jpeg', 143877, '2023-01-31 17:25:55.291529', '2023-01-31 17:25:55.291529');
INSERT INTO `information_image` VALUES (36, '039b09a7-9b02-4751-b0ba-c3fe03331b4f.jpeg', 'image/jpeg', 151429, '2023-01-31 17:25:55.455896', '2023-01-31 17:25:55.455896');
INSERT INTO `information_image` VALUES (37, '911838c6-d69a-4fe7-811f-7f5e052839b8.jpeg', 'image/jpeg', 148729, '2023-01-31 17:25:55.562044', '2023-01-31 17:25:55.562044');
INSERT INTO `information_image` VALUES (38, '4c3e6ff7-9872-4d3d-aa35-2f4728c92ee4.jpeg', 'image/jpeg', 130914, '2023-01-31 17:25:55.669943', '2023-01-31 17:25:55.669943');
INSERT INTO `information_image` VALUES (39, 'd30fec80-0f01-4d61-af12-b00d6a07fe7e.jpeg', 'image/jpeg', 52960, '2023-01-31 17:28:28.581588', '2023-01-31 17:28:28.581588');
INSERT INTO `information_image` VALUES (40, '685351f2-085c-489e-9550-c28c3bb09235.jpeg', 'image/jpeg', 339325, '2023-01-31 17:28:53.286362', '2023-01-31 17:28:53.286362');
INSERT INTO `information_image` VALUES (41, '1d47c7c5-cd17-4fbe-a39e-5af5a1f7e8f7.jpeg', 'image/jpeg', 48660, '2023-01-31 17:28:53.480769', '2023-01-31 17:28:53.480769');
INSERT INTO `information_image` VALUES (42, 'bdc4d25a-c94c-4645-9308-ce57951fe390.jpeg', 'image/jpeg', 77868, '2023-01-31 17:29:44.608766', '2023-01-31 17:29:44.608766');
INSERT INTO `information_image` VALUES (43, '96567c2c-1136-49b7-a1c0-68ffee88eeba.jpeg', 'image/jpeg', 184268, '2023-01-31 17:31:23.813078', '2023-01-31 17:31:23.813078');
INSERT INTO `information_image` VALUES (44, 'ebe56f45-5ebb-4351-84d1-1956430dfedb.jpeg', 'image/jpeg', 83694, '2023-01-31 17:31:24.257692', '2023-01-31 17:31:24.257692');
INSERT INTO `information_image` VALUES (45, '6b046e08-4e8a-45d6-90a1-82c86c3eba04.jpeg', 'image/jpeg', 87202, '2023-01-31 17:32:06.624454', '2023-01-31 17:32:06.624454');
INSERT INTO `information_image` VALUES (46, '88854f0d-3fc1-491c-a22d-3fbbe6c4a909.jpeg', 'image/jpeg', 81741, '2023-01-31 17:33:25.622117', '2023-01-31 17:33:25.622117');
INSERT INTO `information_image` VALUES (47, '842f129a-e241-456e-b6e7-296debe740b4.jpeg', 'image/jpeg', 89760, '2023-01-31 17:33:53.039417', '2023-01-31 17:33:53.039417');
INSERT INTO `information_image` VALUES (48, 'f7b8c1bf-65d1-4db9-8a98-d1d2a81501da.jpeg', 'image/jpeg', 225157, '2023-01-31 17:35:09.900911', '2023-01-31 17:35:09.900911');
INSERT INTO `information_image` VALUES (49, '8aad0e29-de78-41d2-9bd1-c2a89e0a484a.jpeg', 'image/jpeg', 35776, '2023-02-01 20:43:54.983174', '2023-02-01 20:43:54.983174');

-- ----------------------------
-- Table structure for information_images
-- ----------------------------
DROP TABLE IF EXISTS `information_images`;
CREATE TABLE `information_images`  (
  `id` int NOT NULL AUTO_INCREMENT COMMENT '资讯图片ID',
  `filename` varchar(255) CHARACTER SET utf8mb4 COLLATE utf8mb4_0900_ai_ci NOT NULL COMMENT '文件名',
  `mimetype` varchar(64) CHARACTER SET utf8mb4 COLLATE utf8mb4_0900_ai_ci NOT NULL COMMENT 'mimetype',
  `size` int NOT NULL COMMENT '字节数',
  `createAt` datetime(6) NOT NULL DEFAULT CURRENT_TIMESTAMP(6) COMMENT '创建时间',
  `updateAt` datetime(6) NOT NULL DEFAULT CURRENT_TIMESTAMP(6) ON UPDATE CURRENT_TIMESTAMP(6) COMMENT '更新时间',
  `informationId` int NULL DEFAULT NULL COMMENT '资讯ID',
  PRIMARY KEY (`id`) USING BTREE,
  INDEX `FK_bd521d061df4d2454d344ea12fa`(`informationId`) USING BTREE,
  CONSTRAINT `FK_bd521d061df4d2454d344ea12fa` FOREIGN KEY (`informationId`) REFERENCES `information` (`id`) ON DELETE CASCADE ON UPDATE RESTRICT
) ENGINE = InnoDB AUTO_INCREMENT = 1 CHARACTER SET = utf8mb4 COLLATE = utf8mb4_0900_ai_ci ROW_FORMAT = Dynamic;

-- ----------------------------
-- Records of information_images
-- ----------------------------

-- ----------------------------
-- Table structure for notification
-- ----------------------------
DROP TABLE IF EXISTS `notification`;
CREATE TABLE `notification`  (
  `id` int NOT NULL AUTO_INCREMENT COMMENT '公告ID',
  `title` varchar(100) CHARACTER SET utf8mb4 COLLATE utf8mb4_0900_ai_ci NOT NULL COMMENT '公告标题',
  `content` mediumtext CHARACTER SET utf8mb4 COLLATE utf8mb4_0900_ai_ci NOT NULL COMMENT '公告内容',
  `count` int NOT NULL DEFAULT 0 COMMENT '点击量',
  `remarks` varchar(30) CHARACTER SET utf8mb4 COLLATE utf8mb4_0900_ai_ci NOT NULL COMMENT '公共备注',
  `createAt` datetime(6) NOT NULL DEFAULT CURRENT_TIMESTAMP(6) COMMENT '创建时间',
  `updateAt` datetime(6) NOT NULL DEFAULT CURRENT_TIMESTAMP(6) ON UPDATE CURRENT_TIMESTAMP(6) COMMENT '更新时间',
  PRIMARY KEY (`id`) USING BTREE
) ENGINE = InnoDB AUTO_INCREMENT = 26 CHARACTER SET = utf8mb4 COLLATE = utf8mb4_0900_ai_ci ROW_FORMAT = Dynamic;

-- ----------------------------
-- Records of notification
-- ----------------------------
INSERT INTO `notification` VALUES (1, '第十三届全国大学生电子商务“创新、创意及创业”挑战赛重庆移通学院参赛报名通知', '<p style=\"text-align: start;\"><strong>各学院、书院：</strong></p><p style=\"text-indent: 2em; text-align: start;\">全国大学生电子商务“创新、创意及创业”挑战赛（以下简称三创赛）被列入全国普通高校学科竞赛（我校认定为学科A类竞赛）。自2009年以来，已成功举办十二届，在全国高校创新创业大赛中享有良好的声誉和广泛的影响，因其价值大、难度高，堪称创新创业类大赛的“奥林匹克”。大赛也为高等学校落实教育部、财政部《关于实施高等学校本科教学质量与教学改革工程的意见》，开展创新教育和实践教学改革，加强产学研之间联系起到积极示范作用。根据《第十三届全国大学生电子商务“创新、创意及创业”挑战赛参赛报名通知》具体内容，现就开展第十三届三创赛重庆移通学院参赛报名相关事宜，作如下通知：</p><p style=\"text-indent: 2em; text-align: start;\"><strong>一、组织单位</strong></p><p style=\"text-indent: 2em; text-align: start;\">主办单位：全国电子商务产教融合创新联盟、西安交通大学</p><p style=\"text-indent: 2em; text-align: start;\">承办单位：重庆移通学院淬炼商学院·国际商学院市场营销教研室</p><p style=\"text-indent: 2em; text-align: start;\"><strong>二、参赛对象</strong></p><p style=\"text-indent: 2em; text-align: start;\">重庆移通学院全校师生（合川校区和綦江校区）</p><p style=\"text-indent: 2em; text-align: start;\"><strong>三、大赛参赛资格和指导原则</strong></p><p style=\"text-indent: 2em; text-align: start;\">1.凡是经国家教育部批准的普通高等学校全日制在校大学生都有资格参赛；高校教师既可以作为指导老师（在学生队中），也可以作为参赛选手（在混合队中担任队长或队员）组成师生混合队参赛。</p><p style=\"text-indent: 2em; text-align: start;\">2.参赛选手有两种组队方式：</p><p style=\"text-indent: 2em; text-align: start;\">（1）学生队：学生作为队长，队长和队员须全部为全日制在校学生；</p><p style=\"text-indent: 2em; text-align: start;\">（2）混合队：高校教师作为队长，队员中学生数量必须多于教师。</p><p style=\"text-indent: 2em; text-align: start;\">3.参赛选手每人每年只能参加一个团队的竞赛，一个团队成员3-5名，其中一名为队长。可以跨校组队，以队长所在学校为该队报名学校。队员的身份信息的真实性由队长负责。提倡合理分工，学科交叉，优势结合。</p><p style=\"text-indent: 2em; text-align: start;\">4.一个团队可以有0-2名高校指导老师，0-2名企业指导老师。（无指导老师也可参赛）</p><p style=\"text-indent: 2em; text-align: start;\"><strong>四、赛事流程</strong></p><p style=\"text-indent: 2em; text-align: start;\"><br></p><p style=\"text-indent: 2em; text-align: center;\"><img src=\"https://www.cqyti.com/__local/5/26/3F/93BBD8882002832FD8DEF7BC2A1_0DE16113_7033.png\" alt=\"\" data-href=\"\" style=\"\"></p><p style=\"text-indent: 2em; text-align: start;\"><br></p><p style=\"text-indent: 2em; text-align: start;\">1.参赛团队官网报名</p><p style=\"text-indent: 2em; text-align: start;\">报名步骤：进入三创赛官网（点击链接ht tp://www.3chuang.net/进入，或者浏览器检索“三创赛”选择第一个推送进入）——选择“团队报名”——选择“报名常规赛”（勿选错）——队长填写信息（团队名不能超过16个字符；若团队名已被注册，请更换团队名再注册；去年已经参加过比赛的学生，若不能成为队长注册，请换其他成员注册）——核对信息——同意以上内容并注册——选择“团队登录”——填写信息（新增队员和指导老师信息，注意队长身份和指导老师身份要注明，指导老师排序是一导在前，二导在后）——核对信息——保存——提交审核（这个步骤一定要完成，否则就是没报名成功）——队长进第十三届校赛QQ群（群号：418957807）。</p><p style=\"text-indent: 2em; text-align: start;\">2.填写参赛团队报名表（附件1）并提交校赛组委会</p><p style=\"text-indent: 2em; text-align: start;\">官网报名完成后，请根据官网报名信息填写“第十三届三创赛报名表”（附件1），并将报名表电子档发送至邮箱cqyt_scyx@163.com，邮件名称（主题）命名格式：“团队名+队长名+第十三届三创赛报名表”，各参赛团队报名表命名格式：“团队名+队长名+第十三届三创赛报名表”，后期若有修改团队信息，需要重新提交更新表到此邮箱，并在邮件中简单说明更改内容。</p><p style=\"text-indent: 2em; text-align: start;\">3.官网上传参赛团队承诺书（附件2）、指导老师承诺书（附件3）</p><p style=\"text-indent: 2em; text-align: start;\">团队承诺书签名处和指导老师承诺书签名处均需手写签名（可用电子签名），不可直接键盘输入。若参赛作品是参赛团队的原创作品且首次参加比赛（属于第一类“原始创新”），则参赛团队承诺里1打勾，2空白；如果该作品已经参加过其他比赛（属于第二类“迭代创新”），则参赛团队承诺里2打勾，1空白。不可欺瞒。</p><p style=\"text-indent: 2em; text-align: start;\"><strong>五、大赛题目及作品要求</strong></p><p style=\"text-indent: 2em; text-align: start;\">1.本届大赛主题如下：</p><p style=\"text-indent: 2em; text-align: start;\">（1）三农电子商务 （2）工业电子商务 （3）跨境电子商务</p><p style=\"text-indent: 2em; text-align: start;\">（4）电子商务物流 （5）互联网金融 （6）移动电子商务</p><p style=\"text-indent: 2em; text-align: start;\">（7）旅游电子商务 （8）校园电子商务 （9）其他类电子商务</p><p style=\"text-indent: 2em; text-align: start;\">2.参赛队伍应该围绕大赛主题给出具体作品名称，参赛作品名称（不超出30个字符）及内容应当充满正能量、符合主旋律，不能含有色情、暴力和低俗等内容，更不能与中华人民共和国法律相抵触。</p><p style=\"text-indent: 2em; text-align: start;\"><strong>六、注意事项</strong></p><p style=\"text-indent: 2em; text-align: start;\">1.各参赛团队应仔细阅读本执行方案，并在规定时间内完成报名流程，否则将失去参赛资格；</p><p style=\"text-indent: 2em; text-align: start;\">2.报名成功后关注队长群消息，按照校赛管理员的指示修改完善信息，最终校赛管理员审核通过的团队才能参加校赛；</p><p style=\"text-indent: 2em; text-align: start;\">3.各参赛团队及个人须诚信参赛，不可抄袭，否则经查实，情况属实者，严惩不贷；</p><p style=\"text-indent: 2em; text-align: start;\">4.各参赛团队应严格遵守比赛规则，积极配合相关工作要求，恶意扰乱大赛秩序、骚扰评委、质疑评委资质，或出现其他违规行为的团队，取消其竞赛成绩，后果严重者禁赛；</p><p style=\"text-indent: 2em; text-align: start;\">5.如遇特殊情况，对规则做了修改，竞赛组委会将会在队长群提示修改内容。如果参赛团队不接受修改条款，有权退出大赛。如果参赛团队继续参加比赛，则视为接受所有变动内容。</p><p style=\"text-indent: 2em; text-align: start;\">6.各参赛团队在比赛过程中，涉及校外调研、交流、实践等相关活动时，须严格遵守我校相关规定，不得擅自假借比赛名义进行其他违反校纪校规、法律法规的活动，如有违反，一经查实，赛事方将移交至相关部门严肃处理；</p><p style=\"text-indent: 2em; text-align: start;\">7.未尽事宜，将在本执行方案公示之日起，由校赛赛事方于相关信息平台进行补充和修正；</p><p style=\"text-indent: 2em; text-align: start;\">8.报名事宜请咨询淬炼商学院唐思蓉老师，联系方式：1206624854（QQ），15334593027（电话）。</p>', 14, '重庆移通学院教务处', '2023-01-30 22:16:01.540000', '2023-01-30 22:16:01.540000');
INSERT INTO `notification` VALUES (2, '关于开展重庆移通学院2023年寒假大学生“返家乡”社会实践活动的通知', '<p style=\"text-align: start;\"><strong>各二级团组织、各学生组织：</strong></p><p style=\"text-indent: 2em; text-align: start;\">为深学笃用习近平新时代中国特色社会主义思想，深入学习宣传贯彻党的二十大精神，认真贯彻落实习近平总书记关于青年工作的重要思想，广泛引导大学生在“返家乡”社会实践活动中受教育、长才干、作贡献，切身感受在党的领导下重庆过去五年和新时代十年取得的巨大变化，响应团中央“返家乡”实践号召，结合疫情防控形势校团委决定组织开展重庆移通学院2023年寒假大学生“返家乡”社会实践活动，现将有关事项通知如下。</p><p style=\"text-indent: 2em; text-align: start;\"><strong>一、活动主题</strong></p><p style=\"text-indent: 2em; text-align: start;\">学习二十大、永远跟党走、奋进新征程</p><p style=\"text-indent: 2em; text-align: start;\"><strong>二、活动时间</strong></p><p style=\"text-indent: 2em; text-align: start;\">2022年12月—2023年2月</p><p style=\"text-indent: 2em; text-align: start;\"><strong>三、实践内容</strong></p><p style=\"text-indent: 2em; text-align: start;\">1.政务实践。深入地方党政机关、事业单位一线岗位，承担具体工作，尤其在党的二十大精神宣讲、党史学习教育、政策宣传解读等方面积极发挥作用。</p><p style=\"text-indent: 2em; text-align: start;\">2.企业实践。通过自身专业方向与企业岗位需求的双向匹配，参与家乡企业实际工作。</p><p style=\"text-indent: 2em; text-align: start;\">3.公益服务。通过志愿服务等方式，在农村、社区以及青（少）年之家开展扶贫济困、扶弱助残、敬老爱老、生态环保、课业辅导、服务群众等工作，弘扬“奉献、友爱、互助、进步”的志愿精神。</p><p style=\"text-indent: 2em; text-align: start;\">4.社区服务。主动向村、社区和青（少）年之家报到，在乡镇团委和村、社区团组织的统筹下，就近就便编入志愿者组织、青年突击队等，通过多渠道力所能及地参与基层治理日常工作。</p><p style=\"text-indent: 2em; text-align: start;\">5.乡村振兴。积极参与乡村振兴战略实施，在乡镇团委和村、社区团组织的统筹下，参与开展乡村社会治理、公共服务、文化建设、生态文明建设等领域的实践活动，讲好乡村振兴故事，助力美丽乡村、文明乡村、善治乡村建设。</p><p style=\"text-indent: 2em; text-align: start;\">6.兼职锻炼。结合当地具体情况，组织安排符合条件的学生担任乡镇团委及村、社区团组织等基层团组织的兼职干部，参与相关工作，服务基层团组织建设。</p><p style=\"text-indent: 2em; text-align: start;\">7.文化宣传。探究家乡特色文化，用好家乡丰富资源，讲好家乡生动故事，开展多种形式特别是生动活泼的理论宣讲、文化宣传和网络直播等活动，高扬主旋律、传播正能量。</p><p style=\"text-indent: 2em; text-align: start;\">8.网络“云实践”。充分发挥移动互联网和智能网络平台的作用，从地方经济社会发展特别是乡村振兴等领域入手开展社会调查，灵活开展“云组队”“云调研”“云实践”等活动，形成乡村调查报告等实践成果。</p><p style=\"text-indent: 2em; text-align: start;\"><strong>四、组织形式</strong></p><p style=\"text-indent: 2em; text-align: start;\">（一）基本原则</p><p style=\"text-indent: 2em; text-align: start;\">1.不组织开展大规模、大范围人员聚集性社会实践活动。</p><p style=\"text-indent: 2em; text-align: start;\">2.在家学生以家乡为主，按照当地疫情防控措施要求，在自觉做好防护的基础上，按照“确保安全、就近就便”的原则开展社会实践活动。</p><p style=\"text-indent: 2em; text-align: start;\">（二）组织申报</p><p style=\"text-indent: 2em; text-align: start;\">各学院应本着学生自愿报名的原则，鼓励并指导学生紧紧围绕“学习二十大、永远跟党走、奋进新征程”主题，做好党的二十大精神“青年化”的阐释，通过学生家乡为纽带，把《习近平与大学生朋友们》系列报道作为社会实践行动指南和生动教材，引导大学生通过返乡实践更好地了解国情、感知社会、热爱家乡、服务群众，紧跟党走与人民群众相结合的成才道路。</p><p style=\"text-indent: 2em; text-align: start;\"><strong>五、活动安排</strong></p><p style=\"text-indent: 2em; text-align: start;\">（一）岗位信息获取：关注“创青春”微信公众号和家乡所在地的省、地市、县区的团组织微信公众号，阅读“返家乡”系列相关推文。</p><p style=\"text-indent: 2em; text-align: start;\"><strong>注：各省市发布岗位信息不一致，重庆市开展县区将于12月15日至25日发布岗位信息，请报名学生及时自行关注当地团组织微信公众号获取信息。</strong></p><p style=\"text-indent: 2em; text-align: start;\">（二）报名申请：在“创青春”微信公众号的“服务平台”-“返家乡”栏目入口登录“返家乡社会实践岗位对接系统”，按分类、区域搜索岗位信息，确认选择合适的岗位后，填报并提交报名信息，等待审核和系统提示信息，按信息指示开展后续操作。通过双向选择方式录取。</p><p style=\"text-indent: 2em; text-align: start;\">（三）活动实施阶段（寒假期间）。各参与本次“返家乡”的学生，在自觉做好防护的基础上，开展社会实践活动。</p><p style=\"text-indent: 2em; text-align: start;\">（四）请各学院通知参加本次社会实践活动的学生及时进入重庆移通学院2023年“返家乡”寒假社会实践官方QQ群：711780147，根据群内发布的社会实践活动相关宣传要求，按时上传相关宣传报道材料。</p><p style=\"text-indent: 2em; text-align: start;\">（五）请各学院按照要求填写《重庆移通学院2023年“返家乡”寒假社会实践活动汇总表》（附件1），并收集参与学生社会实践活动反馈表（附件2：《重庆移通学院2023年“返家乡”寒假社会实践活动反馈表》），在2023年2月15日12：00前将纸质版材料提交到行政楼B栋312办公室，电子件以学院为单位发送至指定邮箱：qinglianyt@163.com，邮件命名格式：XXX学院-2023年“返家乡”寒假社会实践活动材料。</p><p style=\"text-indent: 2em; text-align: start;\">（六）总结表彰阶段（2023年3月）。团委将根据工作实际，从工作部署、推进措施、组织动员、活动情况、总体数据、实践成效、创新做法等方面，综合评选在2023年大学生“返家乡”寒假社会实践活动中表现优秀的单位、个人，进行社会实践活动总结表彰，请根据总结表彰要求，于2月20日12：00提交相关申报材料至指定邮箱：qinglianyt@163.com，邮件命名格式：XXX学院-2023年“返家乡”寒假社会实践活动总结表彰申报材料。（详见附件3）</p><p style=\"text-indent: 2em; text-align: start;\"><strong>注：“返家乡”社会实践活动志愿服务时长将根据《重庆移通学院志愿服务板块学分认证标准及管理细则》计算，由校团委统一录入。</strong></p><p style=\"text-indent: 2em; text-align: start;\"><strong>六、工作有关事宜和要求</strong></p><p style=\"text-indent: 2em; text-align: start;\">（一）加强安全保障，指导实践实施。各学院团总支要加强学生参与社会实践的安全保障，做好防疫安全培训教育；结合专业实际和学科特点，做好社会实践指导。</p><p style=\"text-indent: 2em; text-align: start;\">（二）做好研究部署，汇聚多方资源。各学院团总支要根据实际情况，制定社会实践实施方案，创新实践育人载体和形式，努力发动更多的专业教师和优秀校友参与到社会实践活动。</p><p style=\"text-indent: 2em; text-align: start;\">（三）聚焦实践主题，扩大社会影响。各学院团总支要做好社会实践的宣传报道和信息报送，聚焦实践主题，积极发挥大众媒体作用，争取在国家级、省部级、市级等媒体平台宣传社会实践成效。</p><p style=\"text-indent: 2em; text-align: start;\">（四）深化实践内涵，推动成果转化。各学院团总支要做好后期社会实践的各项总结表彰工作，积极参与各级各类评选，并通过报告会、分享会等形式，深化实践内涵，推动实践成果参加志愿服务项目大赛、“挑战杯”、“互联网+”等竞赛。</p><p style=\"text-indent: 2em; text-align: start;\">注：最终解释权归团委所有。未尽事宜，将通过重庆移通学院2023年“返家乡”寒假社会实践官方QQ群：711780147发布。</p>', 4, '重庆移通学院教务处', '2023-01-30 22:17:02.130000', '2023-01-30 22:17:02.130000');
INSERT INTO `notification` VALUES (3, '关于寒假放假前做好安全隐患排查的通知', '<p style=\"text-align: start;\"><strong>校属各单位：</strong></p><p style=\"text-indent: 2em; text-align: start;\">寒假将至，为确保安全，在放假前，请大家对本单位所辖区域进行全面的用水用电安全检查和防火、防盗措施、门窗安全状况检查，及时消除各类安全隐患。</p><p style=\"text-indent: 2em; text-align: start;\">假期不使用的场所要封闭，断水断电，贵重物品和设备应妥善保管，关好门窗，假期不使用的仪器设备必须切断电源，请各单位仔细检查并相互通知，祝大家假期愉快！</p>', 4, '重庆移通学院教务处', '2023-01-30 22:17:28.655000', '2023-01-30 22:17:28.655000');
INSERT INTO `notification` VALUES (4, '关于举办重庆市2023届普通高校毕业生就业网络双选活动（现代服务业专场） 的通知', '<p style=\"text-indent: 2em; text-align: start;\">为贯彻落实《2023届全国普通高校毕业生就业创业工作网络视频会议》精神，做好我市2023届普通高校毕业生就业信息服务工作，多渠道整合就业资源，促进高校毕业生更高质量、更充分就业，同时满足现代服务业的人才需求，重庆市大学中专毕业生就业指导服务中心联合相关人才机构定于2022年12月17日－2023年1月6日举办重庆市2023届普通高校毕业生就业网络双选活动（现代服务业专场），现将有关事项通知如下：</p><p style=\"text-indent: 2em; text-align: start;\">一、举办单位</p><p style=\"text-indent: 2em; text-align: start;\">主办：重庆市大学中专毕业生就业指导服务中心</p><p style=\"text-indent: 2em; text-align: start;\">承办：重庆欧达人力资源管理有限公司</p><p style=\"text-indent: 2em; text-align: start;\">二、活动内容</p><p style=\"text-indent: 2em; text-align: start;\">本次网络双选活动将在重庆市普通高校毕业生智慧就业平台（ht tps://www.cqbys.com）、欧达人才网（ht tps://www.oudahr.com/Mobile/subject/show/id/377）进行，企业招聘信息和高校毕业生求职信息将在上述网站免费发布，供用人单位和高校毕业生浏览查询，互动交流。</p><p style=\"text-indent: 2em; text-align: start;\">请同学们积极参加！谢谢！</p>', 3, '重庆移通学院教务处', '2023-01-30 22:17:56.180000', '2023-01-30 22:17:56.180000');
INSERT INTO `notification` VALUES (6, '重庆移通学院綦江校区实训楼文化墙招标公告', '<p style=\"text-indent: 2em; text-align: start;\">重庆移通学院綦江校区实训楼因文化墙需要设计、制作、安装，欢迎有实力、有信誉、供货能力强和售后服务好的商家进行报价。重庆移通学院负责对该项目的资金担保、结算。</p><p style=\"text-indent: 2em; text-align: start;\">一、项目编号：YTQJ2022-27</p><p style=\"text-indent: 2em; text-align: start;\">二、项目内容：各实验室内容介绍等（具体报价内容详见附件）</p><p style=\"text-indent: 2em; text-align: start;\">三、报价日期：截止到2022年12月22日上午11:00，逾期未投标或不符合规定的投标文件恕不接受（投标文件可以通过顺丰快递寄送）。</p><p style=\"text-indent: 2em; text-align: start;\">四、投标地点：重庆移通学院綦江校区</p><p style=\"text-indent: 2em; text-align: start;\">五、开标日期：待定</p><p style=\"text-indent: 2em; text-align: start;\">六、开标地点：重庆移通学院綦江校区</p><p style=\"text-indent: 2em; text-align: start;\">七、合格的报价人</p><p style=\"text-indent: 2em; text-align: start;\">1.有不少于3名专职设计人员；</p><p style=\"text-indent: 2em; text-align: start;\">2.有不少于3名专职安装人员；</p><p style=\"text-indent: 2em; text-align: start;\">3.具有独立企业法人资格及相应的经营范围。</p><p style=\"text-indent: 2em; text-align: start;\">4.有信誉、有实力，有高校相关项目业绩。。</p><p style=\"text-indent: 2em; text-align: start;\">八、技术要求</p><p style=\"text-indent: 2em; text-align: start;\">1.投标人根据文化墙建设要求提供制作效果图（彩色打印附于标书内）；</p><p style=\"text-indent: 2em; text-align: start;\">2.背景墙需增加射灯；</p><p style=\"text-indent: 2em; text-align: start;\">3.所有需要安装的广告物料，投标人须提供安装服务。</p><p style=\"text-indent: 2em; text-align: start;\">九、报价要求</p><p style=\"text-indent: 2em; text-align: start;\">1.价格包含、货物、设计、税费、运费、安装、售后等全部费用，开具增值税普通发票；</p><p style=\"text-indent: 2em; text-align: start;\">2.报价人在投标报价的同时请附上企业营业执照、税务登记证副本、法定代表授权书及被授权代表身份证的复印件。（注：复印件必须加盖公章）</p><p style=\"text-indent: 2em; text-align: start;\">3.标书必须密封保密，投标文件制作两份（一个正本一个副本）</p><p style=\"text-indent: 2em; text-align: start;\">十、技术内容及实地勘察联系人：</p><p style=\"text-indent: 2em; text-align: start;\">联系人：郭老师，13752930880</p><p style=\"text-indent: 2em; text-align: start;\">十一、现场展示：投标人需进行线上效果PPT演示；</p><p style=\"text-indent: 2em; text-align: start;\">十二、联系方式</p><p style=\"text-indent: 2em; text-align: start;\">联系人：巫老师，电话：17320496049,023-4879 9969</p><p style=\"text-indent: 2em; text-align: start;\">通信地址：重庆市綦江区登瀛大道36号重庆移通学院綦江校区图书馆416（投标文件寄件地址）</p><p style=\"text-indent: 2em; text-align: start;\">邮政编码：401420</p>', 1, '重庆移通学院教务处', '2023-01-30 22:19:23.680000', '2023-01-30 22:19:23.680000');
INSERT INTO `notification` VALUES (10, '网络资产风险评估系统和终端检测响应系统招标公告', '<p style=\"text-indent: 2em; text-align: start;\">重庆移通学院网络资产风险评估系统和终端检测响应系统项目招标。欢迎有实力且符合条件的国内企业法人参加投标。重庆移通学院负责对该项目的资金担保、结算。</p><p style=\"text-indent: 2em; text-align: start;\">一、项目名称：网络资产风险评估系统和终端检测响应系统</p><p style=\"text-indent: 2em; text-align: start;\">二、招标编号：YTHC2022-29</p><p style=\"text-indent: 2em; text-align: start;\">三、招标内容：</p><p style=\"text-indent: 2em; text-align: start;\">资产风险评估系统和终端检测响应系统各一套。（详见招标文件）</p><p style=\"text-indent: 2em; text-align: start;\">四、招标文件发布时间：</p><p style=\"text-indent: 2em; text-align: start;\">时间：2022年12月4日。</p><p style=\"text-indent: 2em; text-align: start;\">报名方式：发送以下内容到363454210@qq.com邮箱报名索取招标文件。</p><p style=\"text-indent: 2em; text-align: start;\">投标单位名称：</p><p style=\"text-indent: 2em; text-align: start;\">招标项目编号/名称：</p><p style=\"text-indent: 2em; text-align: start;\">联系人姓名/电话/邮箱：</p><p style=\"text-indent: 2em; text-align: start;\">五、投标日期：截止到2022年12月19日上午11：00。逾期未投标或不符合规定的投标文件恕不接受。</p><p style=\"text-indent: 2em; text-align: start;\">六、投标地点：受疫情影响，本次只接受电子投标书发到指定邮箱（非报名邮箱，具体邮箱号见招标文件）。</p><p style=\"text-indent: 2em; text-align: start;\">七、开标日期：2022年12月19日（暂定）。</p><p style=\"text-indent: 2em; text-align: start;\">八、开标地点：腾讯会议线上开标，投标人在线做产品介绍及答疑。</p><p style=\"text-indent: 2em; text-align: start;\">九、招标文件发放形式：邮件发送电子文档。</p><p style=\"text-indent: 2em; text-align: start;\">十、联 系 人：陈老师</p><p style=\"text-indent: 2em; text-align: start;\">联系电话：023-42871370，QQ：363454210</p><p style=\"text-indent: 2em; text-align: start;\">通信地址：重庆市合川区假日大道1号行政楼A栋505室</p><p style=\"text-indent: 2em; text-align: start;\">邮政编码：401520</p>', 0, '重庆移通学院教务处', '2023-01-30 22:22:54.976325', '2023-01-30 22:22:54.976325');
INSERT INTO `notification` VALUES (11, '关于2022-2023学年第一学期期末教学安排调整的通知', '<p style=\"text-align: start;\">校属各单位：</p><p style=\"text-indent: 2em; text-align: start;\">结合前期国庆节调休安排以及近期周末补课调休安排，因调休占用的时间调整到寒假补齐。根据校历以及学校整体教学工作安排，经学校研究决定，对本学期期末教学相关安排做如下调整：</p><p style=\"text-indent: 2em; text-align: start;\"><strong>一、教学工作安排</strong></p><p style=\"text-indent: 2em; text-align: start;\">合川校区于12月21日结课，綦江校区于12月22日结课。请各单位认真做好教学工作安排，做好期末教学检查等工作。</p><p style=\"text-indent: 2em; text-align: start;\"><strong>二、考试工作安排</strong></p><h1 style=\"text-align: start;\">（一）期末考试</h1><p style=\"text-indent: 2em; text-align: start;\">本学期期末考试时间拟调整到2023年2月14日—18日进行，具体考试安排另行通知。考查课程请各单位自行组织。</p><h1 style=\"text-align: start;\">（二）研究生招生考试</h1><p style=\"text-indent: 2em; text-align: start;\">研究生招生考试将于12月24日—26日正常举行，请各学院指导已经报名的同学们积极做好复习备考准备，并为学生提供周到的服务。</p><p style=\"text-indent: 2em; text-align: start;\"><strong>三、工作要求</strong></p><p style=\"text-indent: 2em; text-align: start;\">请各单位高度重视，认真落实并做好周密安排。加强对相关工作的指导和检查，保证教学秩序和教学质量。</p>', 2, '重庆移通学院教务处', '2023-01-30 22:23:16.378000', '2023-01-30 22:23:16.378000');
INSERT INTO `notification` VALUES (12, '关于举办重庆移通学院 2022年“宏志助航计划”专题培训学生专场双选会的通知', '<p style=\"text-indent: 2em; text-align: start;\"><strong>为了给2023届毕业生和用人单位搭建更便捷的交流平台，更好的促进我校2023届毕业生顺利就业，学校定于2022年12月2日（星期五）10:00-17:00在重庆汇博网举办重庆移通学院 2022年“宏志助航计划”专题培训学生专场双选会，届时将邀请61家用人单位招聘英才，提供541个岗位供学生选择。欢迎广大应届毕业生积极关注，踊跃参加。</strong></p><p style=\"text-indent: 2em; text-align: start;\">温馨提示：</p><p style=\"text-indent: 2em; text-align: start;\">1.请各位同学提前准备好具有针对性的简历，提前熟悉网络双选会操作流程。</p><p style=\"text-align: center;\"><img src=\"https://imgs.huibo.com/campus/choos_content/full1130884520.jpg\" alt=\"\" data-href=\"\" style=\"width: 500px;height: 889px;\"></p><p style=\"text-indent: 2em; text-align: start;\">2.请各位同学注意着装。</p><p style=\"text-indent: 2em; text-align: right;\"><br></p><p style=\"text-indent: 2em; text-align: right;\"><br></p><p style=\"text-indent: 2em; text-align: right;\">(就业创业指导与服务中心)</p><p style=\"text-indent: 2em; text-align: right;\"><br></p><p style=\"text-indent: 2em; text-align: start;\">现将具体企业名单及岗位公布如下：</p><p style=\"text-align: center;\"><img src=\"https://imgs.huibo.com/campus/choos_content/full1130356167.png\" alt=\"\" data-href=\"\" style=\"width: 600px;height: 2222px;\"></p>', 1, '重庆移通学院教务处', '2023-01-30 22:24:09.810000', '2023-01-30 22:24:09.810000');
INSERT INTO `notification` VALUES (13, '重庆移通学院汽车充电桩建设招标公告', '<p style=\"text-indent: 2em; text-align: start;\">重庆移通学院合川校区及綦江校区汽车充电桩建设项目招标。欢迎有实力且符合条件的国内企业法人参加投标。重庆移通学院负责对该项目的资金担保、结算。</p><p style=\"text-indent: 2em; text-align: start;\">一、项目名称：重庆移通学院汽车充电桩</p><p style=\"text-indent: 2em; text-align: start;\">二、招标编号：YTHC2022-28</p><p style=\"text-indent: 2em; text-align: start;\">三、招标内容：</p><p style=\"text-indent: 2em; text-align: start;\">汽车充电桩：包括120KW直流充电桩（双枪）4台（合川校区及綦江校区各2台）、7KW交流充电桩14台（合川校区），运营管理平台、充电站配套标识标牌等。（详见招标文件）</p><p style=\"text-indent: 2em; text-align: start;\">四、招标文件发布时间：</p><p style=\"text-indent: 2em; text-align: start;\">时间：2022年11月19日。</p><p style=\"text-indent: 2em; text-align: start;\">报名方式：发送以下内容到363454210@qq.com邮箱报名索取招标文件。</p><p style=\"text-indent: 2em; text-align: start;\">投标单位名称：</p><p style=\"text-indent: 2em; text-align: start;\">招标项目编号/名称：</p><p style=\"text-indent: 2em; text-align: start;\">联系人姓名/电话/邮箱：</p><p style=\"text-indent: 2em; text-align: start;\">五、投标日期：截止到2022年12月9日上午11：00。逾期未投标或不符合规定的投标文件恕不接受。投标文件可以顺丰快递邮寄。</p><p style=\"text-indent: 2em; text-align: start;\">六、投标地点：重庆移通学院</p><p style=\"text-indent: 2em; text-align: start;\">七、开标日期：2022年12月9日（暂定）。</p><p style=\"text-indent: 2em; text-align: start;\">八、开标地点：重庆移通学院行政楼508会议室</p><p style=\"text-indent: 2em; text-align: start;\">九、招标文件发放形式：邮件发送电子文档。</p><p style=\"text-indent: 2em; text-align: start;\">十、联 系 人：陈老师</p><p style=\"text-indent: 2em; text-align: start;\">联系电话：023-42871370，QQ：363454210</p><p style=\"text-indent: 2em; text-align: start;\">通信地址：重庆市合川区假日大道1号行政楼A栋505室</p><p style=\"text-indent: 2em; text-align: start;\">邮政编码：401520</p>', 0, '重庆移通学院教务处', '2023-01-30 22:24:38.055026', '2023-01-30 22:24:38.055026');
INSERT INTO `notification` VALUES (14, '重庆移通学院全面畅通师生诉求和建言献策渠道的通知', '<hr/><p><br></p><p style=\"text-indent: 2em;\">为进一步做好校园诉求工作，解决师生“急难愁盼”问题，学校重新集中公布已开通了的各种诉求和建言献策通道，长期欢迎广大师生通过以下方式反映问题、建言献策：<br></p><p style=\"text-indent: 2em;\"><strong>一、校长信箱</strong></p><p style=\"text-indent: 2em;\">有投诉、意见和建议，可直接发邮件至信箱：cqytxy_xzxx@163.com（请写清个人基本信息、联系方式，便于学校核实问题、意见反馈和表彰有创新性的意见、建议）</p><p style=\"text-indent: 2em;\"><strong>二、咨询、投诉、建言献策电话</strong></p><p style=\"text-indent: 2em;\">（一）涉及学生工作投诉电话：023-42871129</p><p style=\"text-indent: 2em;\">（二）涉及教师工作投诉电话：023-42871030</p><p style=\"text-indent: 2em;\">（三）涉及教学工作投诉电话：023-42871622</p><p style=\"text-indent: 2em;\">（四）涉及基建后勤投诉电话：023-42815013 42871383</p><p style=\"text-indent: 2em;\">（五）心理健康咨询电话：023-42419251</p><p style=\"text-indent: 2em;\">（六）涉及安全保卫工作投诉电话：023-42872110</p><p style=\"text-indent: 2em;\">（七）建言献策、信访办咨询、投诉电话：023-42871381</p><p style=\"text-indent: 2em;\"><strong>三、官方公众号留言</strong></p><p style=\"text-indent: 2em;\">师生关注“重庆移通学院”官方公众号后，直接点击“留言栏”，相关意见建议由专人负责受理、回复。</p>', 0, '重庆移通学院教务处', '2023-01-30 22:24:56.426439', '2023-01-30 22:24:56.426439');
INSERT INTO `notification` VALUES (15, '重庆移通学院关于开展“文化移通—名家大讲坛”学生系列讲座的通知', '<p style=\"text-indent: 2em; text-align: start;\">对校园的认识从文化开始，而传承最好的方式，不单是言传身教，更为重要是敢于实践，学校一直以来始终践行以学生为中心、关注学生全面发展的育人宗旨。学校“文化移通—名家大讲坛”开设学生系列讲座，严格按照“名家大讲坛”讲座要求，结合《我在书院读书大学》活动，选拔学生中的“名家”上台演讲，让学生从听讲者变为演讲者，给予学生更多的展示自我的机会，鼓励学生积极进取、全面发展。</p><p style=\"text-indent: 2em; text-align: start;\"><strong>一、活动主题</strong></p><p style=\"text-indent: 2em; text-align: start;\"><strong>系列主题演讲：大学·经历·经验（题目自拟，讲座内容紧扣大学期间的学习和生活）</strong></p><p style=\"text-indent: 2em; text-align: start;\"><strong>二、活动具体时间安排</strong></p><p style=\"text-indent: 2em; text-align: start;\"><strong>（一）报名：（时间:11月5日—11月13日）</strong></p><p style=\"text-indent: 2em; text-align: start;\">1.发送【个人简历及讲稿提纲】至邮箱2796531343@qq.com；</p><p style=\"text-indent: 2em; text-align: start;\">2.注意事项：简历中应包含电话、QQ等联系方式；相关文件打包重命名为“学生系列讲座+姓名+手机号”；邮件主题为“xxx的学生系列讲座材料”；</p><p style=\"text-indent: 2em; text-align: start;\">3.“书院制大学”微信公众号推送过个人专访稿件的学生，经相关老师推荐，可直接进入复试。</p><p style=\"text-indent: 2em; text-align: start;\"><strong>（二）复试：（时间：11月14日-11月17日）</strong></p><p style=\"text-indent: 2em; text-align: start;\">1.复试内容：自我介绍+所准备的讲稿演讲+即兴演讲；</p><p style=\"text-indent: 2em; text-align: start;\">2.复试时间及地点：以短信通知为准。</p><p style=\"text-indent: 2em; text-align: start;\"><strong>（三）公开路演：（时间：11月底）</strong></p><p style=\"text-indent: 2em; text-align: start;\">1.限时20分钟的公开演讲。可准备PPT、视频等材料辅助演讲；</p><p style=\"text-indent: 2em; text-align: start;\">2.评委依据参赛者表现进行现场评分；</p><p style=\"text-indent: 2em; text-align: start;\">3.评选优胜人员，在本学期安排演讲。</p><p style=\"text-indent: 2em; text-align: start;\">此次活动评审团由学校领导、名师课堂办公室教师、“我在书院读大学”项目组师生代表，学生院长助理、文化移通学生助理等人员组成。</p><p style=\"text-indent: 2em; text-align: start;\"><strong>（四）正式演讲：（本学期内）</strong></p><p style=\"text-indent: 2em; text-align: start;\">选拔出的优秀学生代表，面向全校进行演讲，演讲时间2个小时。</p><p style=\"text-indent: 2em; text-align: start;\"><strong>三、奖项设置</strong></p><p style=\"text-indent: 2em; text-align: start;\">（一）最终正式演讲的优秀学生代表颁发荣誉证书和500元课酬；</p><p style=\"text-indent: 2em; text-align: start;\">（二）正式演讲内容将纳入文化移通书籍《新大学思维—在移通听讲座》或单独印刷出版；</p><p style=\"text-indent: 2em; text-align: start;\">（三）将纳入“我在书院读大学”项目备采资源库，在“书院制大学”公众号上推出个人专访稿件，优秀稿件将纳入《我在书院读大学》系列丛书印刷出版。</p><p style=\"text-indent: 2em; text-align: start;\"><strong>四、注意事项：</strong></p><p style=\"text-indent: 2em; text-align: start;\">（一）正式演讲环节纳入“文化移通—名家大讲坛”讲座系列，听课者将严格按照要求进场并计算学分；</p><p style=\"text-indent: 2em; text-align: start;\">（二）活动相关进程请关注微信公众号“文化移通”或学校官网主页文化移通版块；</p><p style=\"text-indent: 2em; text-align: start;\">（三）未尽事宜请联系学校名师课堂办公室咨询。</p>', 1, '重庆移通学院教务处', '2023-01-30 22:25:37.870000', '2023-01-30 22:25:37.870000');
INSERT INTO `notification` VALUES (16, '重庆移通学院关于举办第一届Web前端应用创意挑战赛的通知', '<h3 style=\"text-align: start;\">一、赛题背景</h3><p style=\"text-indent: 2em; text-align: start;\">把科技的命脉掌握在自己手中，Web前端技术经过近十年的发展，目前成为“可视即前端”中炙手可热的应用开发技术。随着国家大力推动企业信息化，数字化的政策和发展要求，前端开发技术为我们当下不论是企业运营，还是个人生活的方方面面都提供了巨大的技术支撑和场景应用。前端应用涉及PC网站建设，移动应用开发，小程序，大屏展示，物联网-车联网等等终端使用场景，融合各类开发框架和技术要素。</p><p style=\"text-indent: 2em; text-align: start;\">此项大赛为基于\"改变生活\"的主题，通过比赛引导参赛队伍使用各类的前端技术框架，不局限于当下的Html/CSS/JS/Vue/React/Angular/小程序/鸿蒙,开发设计为生活提供便利的应用程序，瞄准我们日常学习生活中的痛点，难点，槽点，设计相对应的解决方案。意在考察参赛队伍对于前端技术灵活应用的开发能力，产品思维的扩展能力，项目应用和实施的能力。</p><h3 style=\"text-align: start;\">二、组织结构</h3><p style=\"text-indent: 2em; text-align: start;\">1、主办单位</p><p style=\"text-indent: 2em; text-align: start;\">重庆移通学院</p><p style=\"text-indent: 2em; text-align: start;\">2、承办单位</p><p style=\"text-indent: 2em; text-align: start;\">大数据与计算机科学学院</p><p style=\"text-indent: 2em; text-align: start;\">3、竞赛组委会</p><p style=\"text-indent: 2em; text-align: start;\">主任委员：张德民</p><p style=\"text-indent: 2em; text-align: start;\">副主任委员：孙玺、刘枚、闫会峰</p><p style=\"text-indent: 2em; text-align: start;\">委员：李文娟、党晓圆、潘显兵、向碧群、林泽金、郭爽、王焱、吕云山、张玲、蔡宇、卢星儒、赵凤龙、吴晓庆</p><p style=\"text-indent: 2em; text-align: start;\">竞赛平台服务保障：闫攀、栗强强、刘尚兰</p><p style=\"text-indent: 2em; text-align: start;\">秘书：陆阳</p><p style=\"text-indent: 2em; text-align: start;\">4、《Web前端应用创意挑战赛》竞赛平台官网：ht tp://ytfunclub.cn/webrace/</p><h3 style=\"text-align: start;\">三、参赛对象</h3><p style=\"text-indent: 2em; text-align: start;\">重庆移通学院全校师生（合川校区和綦江校区）组成的团队。每队由1名指导老师、1-5名学生组成。若无指导教师，将由大数据与计算机科学学院直接指派。</p><h3 style=\"text-align: start;\">四、提交作品要求</h3><p style=\"text-indent: 2em; text-align: start;\">1、创作要求</p><p style=\"text-indent: 2em; text-align: start;\">参赛作品须使用但不局限于Html/CSS/JS/Vue/React/Angular/小程序/鸿蒙/等前端技术框架，设计开发一端但不局限于PC/移动/H5/大屏/小程序/TV终端/车载终端/手表终端/其他终端的应用，如在交通，餐饮，图书，企业办公，社团活动，垃圾回收，二手交易，文化交流，考试，共享资源，等等在日常生活或者是校园场景中的应用探索。</p><p style=\"text-indent: 2em; text-align: start;\">竞赛采用开放命题，参赛作品使用但不局限于Html/CSS/JS/Vue/React/Angular/小程序/鸿蒙/等前端技术，遵守相关框架的使用规范，充分发挥创新能力，自由探索应用场景并自行获取相关数据，最终提交具有原创性并能够可视化展示的参赛作品。</p><p style=\"text-indent: 2em; text-align: start;\">竞赛主题突出“改变”，它的应用设计改变了什么，在它之前我们的槽点是什么，痛点是什么，用了它我们可以击穿最后的需求，换言之，这正是我们当下互联网中所最缺少的原创力，因为大家现在越来越喜欢看看对方在干什么，很少有人真正关注真正的基层用户在思索着什么，期盼着什么，打个比方，目前一些大学生自制力差，有个学生就开发了一个应用，动态的管控的自己开锁密码，这样不论时候，不到时间，绝不能玩手机，这就是对于摆脱我们对于手机依赖症的一次简单尝试，但就是这种的原创力，才是互联网得以继续蓬勃发展的不断动力，也许，通过我们这次大赛，就可以看出未来某些独角兽天才创意的雏形...</p><p style=\"text-indent: 2em; text-align: start;\">2、提交要求</p><p style=\"text-indent: 2em; text-align: start;\">（1）参赛者需要分阶段提交包含一个介绍作品方案的PPT和不少于2分钟的作品方案介绍视频（视频格式：mp4）。</p><p style=\"text-indent: 2em; text-align: start;\">（2）参赛者介绍当前作品的技术文档（文档格式：doc），文档包含但不限于：</p><ul><li style=\"text-align: start;\">l项目的整体设计思路（必选）</li><li style=\"text-align: start;\">l项目在改变生活中的应用场景（必选）</li><li style=\"text-align: start;\">l项目所用技术栈和技术选型分析（可选）</li><li style=\"text-align: start;\">l相关编程环境及工具选用（必选）</li><li style=\"text-align: start;\">l项目应用的考虑出发点,解决了什么问题，提高了什么效率</li><li style=\"text-align: start;\">l涉及到的产品参考文献(可选)</li></ul><p style=\"text-indent: 2em; text-align: start;\">（如果过程性的工作不方便说明，可提供一些截屏和性能数据对比之类的图片）。</p><h3 style=\"text-align: start;\">五、大赛安排</h3><p style=\"text-indent: 2em; text-align: start;\">1、报名阶段：10月17日-11月15日。</p><p style=\"text-indent: 2em; text-align: start;\">参赛队伍按报名表（见附件1：第一届《Web前端应用创意挑战赛》报名表.xlsx）填写相关信息后，通过报名表提交上传链接（ht tp://ytfunclub.cn:8000/u/d/47f9e37e92/）提交发送至竞赛平台。</p><p style=\"text-indent: 2em; text-align: start;\">2、提交作品阶段：请在12月5日之前完成作品，举办方会通过大赛资讯群通知各参赛队伍提交作品，材料包括：源码、开发文档、演示PPT、演示视频。《Web前端应用创意挑战赛》作品资料包提交上传链接（ht tp://ytfunclub.cn:8000/u/d/ae2f734a55/）</p><p style=\"text-indent: 2em; text-align: start;\">3、初选阶段（12月6日-12月8日）：学校评委老师将对提交的作品进行评分筛选，评定最后进入决赛的队伍。</p><p style=\"text-indent: 2em; text-align: start;\">4、决赛阶段（12月9日）：具体日期将通过大赛咨询群进行通知。决赛的形式为现场答辩，每队PPT演示及答辩时间为15分钟。</p><h3 style=\"text-align: start;\">六、奖项设置</h3><p style=\"text-indent: 2em; text-align: start;\">1、所有能够进入决赛的队伍均能参与最后的评奖环节。本次竞赛设置一等奖为进入评奖环节队伍的10%；二等奖为进入评奖环节队伍的20%；三等奖为进入评奖环节队伍的30%；优秀奖为进入评奖环节的其他队伍。所有获奖队伍均可获得重庆移通学院颁发的获奖证书，一等奖、二等奖、三等奖均有物质奖励。</p><p style=\"text-indent: 2em; text-align: start;\">2、指导教师奖。获得一等奖、二等奖、三等奖参赛队的指导教师将获得“优秀指导教师”称号并颁发证书。</p><h3 style=\"text-align: start;\">七、评分标准</h3><p style=\"text-indent: 2em; text-align: start;\">满分100分，根据以下每个评分项进行打分，标准分为每项分值的70%，即如果每项都基本符合即可得到70分，评委会根据每个参赛队伍的实现情况，对评分进行上下浮动，最终分值分布体现为正态分布模型。</p><p style=\"text-indent: 2em; text-align: start;\"><br></p><p style=\"text-indent: 2em; text-align: center;\"><img src=\"https://www.cqyti.com/__local/D/99/DA/F1380EE10A7F1D92AC2AA6891CB_98124D11_1C62A.png\" alt=\"\" data-href=\"\" style=\"\"></p><p style=\"text-indent: 2em; text-align: start;\"><br></p><h3 style=\"text-align: start;\">八、注意事项</h3><p style=\"text-indent: 2em; text-align: start;\">1、作品知识产权归竞赛队伍所有。经参赛队同意，竞赛委员会可优先使用获奖作品参赛报告作为教材案例或出版竞赛论文文集。</p><p style=\"text-indent: 2em; text-align: start;\">2、未尽事宜另行通知，解释权归竞赛组委会所有。</p>', 0, '重庆移通学院教务处', '2023-01-30 22:26:19.673382', '2023-01-30 22:26:19.673382');
INSERT INTO `notification` VALUES (17, '重庆移通学院关于开展“文化移通—名家大讲坛”学生系列讲座的通知', '<p style=\"text-indent: 2em; text-align: start;\">对校园的认识从文化开始，而传承最好的方式，不单是言传身教，更为重要是敢于实践，学校一直以来始终践行以学生为中心、关注学生全面发展的育人宗旨。学校“文化移通—名家大讲坛”开设学生系列讲座，严格按照“名家大讲坛”讲座要求，结合《我在书院读书大学》活动，选拔学生中的“名家”上台演讲，让学生从听讲者变为演讲者，给予学生更多的展示自我的机会，鼓励学生积极进取、全面发展。</p><p style=\"text-indent: 2em; text-align: start;\"><strong>一、活动主题</strong></p><p style=\"text-indent: 2em; text-align: start;\"><strong>系列主题演讲：大学·经历·经验（题目自拟，讲座内容紧扣大学期间的学习和生活）</strong></p><p style=\"text-indent: 2em; text-align: start;\"><strong>二、活动具体时间安排</strong></p><p style=\"text-indent: 2em; text-align: start;\"><strong>（一）报名：（时间:11月5日—11月13日）</strong></p><p style=\"text-indent: 2em; text-align: start;\">1.发送【个人简历及讲稿提纲】至邮箱2796531343@qq.com；</p><p style=\"text-indent: 2em; text-align: start;\">2.注意事项：简历中应包含电话、QQ等联系方式；相关文件打包重命名为“学生系列讲座+姓名+手机号”；邮件主题为“xxx的学生系列讲座材料”；</p><p style=\"text-indent: 2em; text-align: start;\">3.“书院制大学”微信公众号推送过个人专访稿件的学生，经相关老师推荐，可直接进入复试。</p><p style=\"text-indent: 2em; text-align: start;\"><strong>（二）复试：（时间：11月14日-11月17日）</strong></p><p style=\"text-indent: 2em; text-align: start;\">1.复试内容：自我介绍+所准备的讲稿演讲+即兴演讲；</p><p style=\"text-indent: 2em; text-align: start;\">2.复试时间及地点：以短信通知为准。</p><p style=\"text-indent: 2em; text-align: start;\"><strong>（三）公开路演：（时间：11月底）</strong></p><p style=\"text-indent: 2em; text-align: start;\">1.限时20分钟的公开演讲。可准备PPT、视频等材料辅助演讲；</p><p style=\"text-indent: 2em; text-align: start;\">2.评委依据参赛者表现进行现场评分；</p><p style=\"text-indent: 2em; text-align: start;\">3.评选优胜人员，在本学期安排演讲。</p><p style=\"text-indent: 2em; text-align: start;\">此次活动评审团由学校领导、名师课堂办公室教师、“我在书院读大学”项目组师生代表，学生院长助理、文化移通学生助理等人员组成。</p><p style=\"text-indent: 2em; text-align: start;\"><strong>（四）正式演讲：（本学期内）</strong></p><p style=\"text-indent: 2em; text-align: start;\">选拔出的优秀学生代表，面向全校进行演讲，演讲时间2个小时。</p><p style=\"text-indent: 2em; text-align: start;\"><strong>三、奖项设置</strong></p><p style=\"text-indent: 2em; text-align: start;\">（一）最终正式演讲的优秀学生代表颁发荣誉证书和500元课酬；</p><p style=\"text-indent: 2em; text-align: start;\">（二）正式演讲内容将纳入文化移通书籍《新大学思维—在移通听讲座》或单独印刷出版；</p><p style=\"text-indent: 2em; text-align: start;\">（三）将纳入“我在书院读大学”项目备采资源库，在“书院制大学”公众号上推出个人专访稿件，优秀稿件将纳入《我在书院读大学》系列丛书印刷出版。</p><p style=\"text-indent: 2em; text-align: start;\"><strong>四、注意事项：</strong></p><p style=\"text-indent: 2em; text-align: start;\">（一）正式演讲环节纳入“文化移通—名家大讲坛”讲座系列，听课者将严格按照要求进场并计算学分；</p><p style=\"text-indent: 2em; text-align: start;\">（二）活动相关进程请关注微信公众号“文化移通”或学校官网主页文化移通版块；</p><p style=\"text-indent: 2em; text-align: start;\">（三）未尽事宜请联系学校名师课堂办公室咨询。</p>', 0, '重庆移通学院教务处', '2023-01-30 22:26:47.096970', '2023-01-30 22:26:47.096970');
INSERT INTO `notification` VALUES (18, '转发重庆市教育委员会关于举办2022年重庆市高校教师教学创新大赛的通知', '<p style=\"text-align: start;\"><strong>各教学单位：</strong></p><p style=\"text-indent: 2em; text-align: start;\">现将《重庆市教育委员会关于举办2022年重庆市高校教师教学创新大赛的通知》（渝教高函〔2022〕86号）转发给你们，并对有关事宜通知如下：</p><p style=\"text-indent: 2em; text-align: start;\"><strong>一、请各教学单位按照《通知》中的要求，推荐符合条件的教师或团队报名，各教学单位每个组别限推荐一个名额。</strong></p><p style=\"text-indent: 2em; text-align: start;\">二、各教学单位推荐参赛教师或团队须填写《教师教学创新大赛参赛教师汇总表》（附件1）、《教师教学创新大赛申报书》（附件2）、《教师教学创新大赛教学创新（课程思政创新）成果支撑材料目录》（附件3）以及5分钟的视频，视频内容主要阐述申报课程的优势及创新点。</p><p style=\"text-indent: 2em; text-align: start;\">三、请各教学单位于2022年12月30日之前将申报材料电子版发送至邮箱1528972411@qq.com。</p><p style=\"text-indent: 2em; text-align: start;\">其他未尽事宜，请联系邓老师，电话：17823134442</p><p style=\"text-indent: 2em; text-align: start;\">附件：1.教师教学创新大赛参赛教师汇总表</p><p style=\"text-indent: 2em; text-align: start;\">2.教师教学创新大赛申报书</p><p style=\"text-indent: 2em; text-align: start;\">3.教师教学创新大赛教学创新（课程思政创新）成果支撑材料目录</p><p style=\"text-indent: 2em; text-align: start;\">4.重庆市教育委员会关于举办2022年重庆市高校教师教学创新大赛的通知<br></p>', 0, '重庆移通学院教务处', '2023-01-30 22:27:18.960390', '2023-01-30 22:27:18.960390');
INSERT INTO `notification` VALUES (19, '【文化移通云讲座】遨游云端，共享智慧第三十八期', '<p style=\"text-indent: 2em; text-align: start;\">疫情防控期间，名师课堂办公室持续推出【文化移通云讲座】系列线上讲座。我们将与师生携手，共同拓宽专业视野、充实学习生活、提升学术素养、开阔视野格局。让我们在“云端”相会，在知识的海洋里共荡漾。</p><p style=\"text-indent: 2em; text-align: start;\">【文化移通云讲座】第三十八期共甄选十场讲座，奋斗是青春的底色，美好的梦想，终究要靠奋斗来实现;生命的辉煌，也只能通过奋斗才能铸就。奔赴滚烫远方，何惧荆棘载途。只要方向笃定、目标坚定，沿途便可欢声笑语。让我们用青春铸就梦想，用奋斗成就自我吧！</p><p style=\"text-indent: 2em; text-align: start;\"><br></p><p style=\"text-indent: 2em; text-align: left;\">【主题】使用数字痕迹量化受众行为：过去、现在和未来</p><p style=\"text-indent: 2em; text-align: left;\">【时间】2022年12月14日（周三）9:00</p><p style=\"text-indent: 2em; text-align: left;\">【主讲】彭泰权（美国密歇根州立大学传播系长聘副教授，研究兴趣包括计算社会科学、健康传播、政治传播和受众行为分析）</p><p style=\"text-indent: 2em; text-align: left;\">【内容】回顾传播学研究是怎样利用数字痕迹对受众行为进行定义和测量，并就此提出利用数字痕迹对受众行为进行分析的几个研究方向。</p><p style=\"text-indent: 2em; text-align: left;\">【主办】中山大学新闻传播学院</p><p style=\"text-indent: 2em; text-align: left;\">【观看方式】腾讯会议线上讲座（会议号：280-986-961）</p><p style=\"text-align: center;\"><img src=\"https://mskt.cqyti.com/__local/B/C0/E3/7131ED00DA971702B39D289BB2F_85ECA901_25B22.jpg\" alt=\"\" data-href=\"\" style=\"\"></p><p style=\"text-align: center;\"><br></p><p style=\"text-indent: 2em; text-align: start;\">【主题】永远的东方永远的蛮邦——谈谈自近代以来的德俄关系</p><p style=\"text-indent: 2em; text-align: start;\">【时间】2022年12月14日 （周三）13:30-15:30</p><p style=\"text-indent: 2em; text-align: start;\">【主讲】黄燎宇（北京大学教授）</p><p style=\"text-indent: 2em; text-align: start;\">【主办】浙江大学德国学研究所</p><p style=\"text-indent: 2em; text-align: start;\">【观看方式】腾讯会议ID：285-457-168</p><p style=\"text-align: center;\"><img src=\"https://mskt.cqyti.com/__local/3/97/A1/6406EBEDDE1A5AF19C854F00179_53084E51_48A18.jpg\" alt=\"\" data-href=\"\" style=\"\"></p><p style=\"text-align: center;\"><br></p><p style=\"text-indent: 2em; text-align: start;\">【主题】自然、技术与航道——海洋视域下上海港发展的再分析(1870s-1930s)</p><p style=\"text-indent: 2em; text-align: start;\">【时间】2022年12月14日(周三)14:00</p><p style=\"text-indent: 2em; text-align: start;\">【主讲】刘炳涛(上海电机学院马克思主义学院教授)</p><p style=\"text-indent: 2em; text-align: start;\">【主持】阮清华(华东师范大学历史学系教授)</p><p style=\"text-indent: 2em; text-align: start;\">【主办】华东师范大学历史学系</p><p style=\"text-indent: 2em; text-align: start;\">【内容】讲座通过海洋视域,以航道为切入点,围绕天文台、灯塔.挖泥船等技术，探讨 19世纪后期至 20 世纪初期技术变革对上海港发展的影响，试图为近代上海港的发展提供另外一种思路和解释。</p>', 1, '重庆移通学院教务处', '2023-01-30 22:27:55.310000', '2023-01-30 22:27:55.310000');
INSERT INTO `notification` VALUES (20, '2022钓鱼城·全国大学生影评大赛获奖名单公示', '<p style=\"text-indent: 2em; text-align: center;\"><strong>2022钓鱼城·全国大学生影评大赛获奖名单</strong></p><p style=\"text-indent: 2em; text-align: left;\"><strong>主竞赛单元本科生组：</strong></p><p style=\"text-indent: 2em; text-align: start;\">一等奖（3名）</p><p style=\"text-indent: 2em; text-align: start;\">1、孙禹辰，阶层·权力·规范——论《奇迹.笨小孩》的都市影像构建与空间书写，南京艺术学院</p><p style=\"text-indent: 2em; text-align: start;\">2、李婧怡，诗意现实主义的眷恋——《隐入尘烟》中“土”的符号语言及其所指意义与象征，北京电影学院</p><p style=\"text-indent: 2em; text-align: start;\">3、高夕雅，奇观建构与多元共生：电影《沙丘》中的巨物景观美学，华东师范大学</p><p style=\"text-indent: 2em; text-align: start;\">二等奖（5名）</p><p style=\"text-indent: 2em; text-align: start;\">1、魏琪，拉扯之下破碎的“爱情文化”——对《爱情神话》中流行文化渗透与创新突破的解读，北京师范大学</p><p style=\"text-indent: 2em; text-align: start;\">2、马嘉宇，稻田风吹浮浪——浅论《云霄之上》的“新电影本体”展望，北京电影学院</p><p style=\"text-indent: 2em; text-align: start;\">3、许溥昕，破败与重建，废墟风景的恋地情结-电影《东北虎》的美学诉求，河南师范大学</p><p style=\"text-indent: 2em; text-align: start;\">4、刘晨蕾，“陌生化”农村爱情、失语者关注与生活哲学——论《隐入尘烟》的美学与文化特质，北京服装学院</p><p style=\"text-indent: 2em; text-align: start;\">5、张诗弩，《怒火·重案》：“港味”美学的赓续与创新，中国传媒大学</p><p style=\"text-indent: 2em; text-align: start;\">三等奖（8名）</p><p style=\"text-indent: 2em; text-align: start;\">1、杨瑷歌，现代城市空间下成功学幻想的底层反拨——评《奇迹·笨小孩》，广西大学</p><p style=\"text-indent: 2em; text-align: start;\">2、张青玥，《沙丘》：峰值上的作者性沉淀与反思，北京电影学院</p><p style=\"text-indent: 2em; text-align: start;\">3、李姿璇，《扬名立万》：以“元电影”之形式书写给电影人的情书，南开大学</p><p style=\"text-indent: 2em; text-align: start;\">4、冯子轩，不言苦难，但诉衷肠——《隐入尘烟》中乡土叙事对土地情思的构建和表达，北京电影学院</p><p style=\"text-indent: 2em; text-align: start;\">5、杨柳，被困的人群，虚构的国度——地域空间语境下的《东北虎》，北京师范大学</p><p style=\"text-indent: 2em; text-align: start;\">6、康启蕙，《扬名立万》：丰盈形式下的温情喜剧，复旦大学</p><p style=\"text-indent: 2em; text-align: start;\">7、余枷璐，颠覆传统主体观的叙事策略——《吉祥如意》元电影叙事下自反性的生成，西安文理学院</p><p style=\"text-indent: 2em; text-align: start;\">8、张粤慈，《穆赫兰道》：元电影视域下的观众心理和电影本体论，北京电影学院</p><p style=\"text-indent: 2em; text-align: start;\">优秀奖（10名）</p><p style=\"text-indent: 2em; text-align: start;\">1、孙玥彤，扬名立万：后现代主义视角下的一出荒诞怪谈，北京电影学院</p><p style=\"text-indent: 2em; text-align: start;\">2、沈佳妮，《狼行者》：爱尔兰文艺复兴的精神传承，北京电影学院</p><p style=\"text-indent: 2em; text-align: start;\">3、乔峻达，作为精神符号的土地、转型的乡村与隐入尘烟的人，广州大学</p><p style=\"text-indent: 2em; text-align: start;\">4、彭同，地域景观与性别结构下的都市情感小品，黄冈师范学院，</p><p style=\"text-indent: 2em; text-align: start;\">5、房子兮，电影《四海》的悲剧美感探究，山东艺术学院，</p><p style=\"text-indent: 2em; text-align: start;\">6、吕霖，空间生产·集体仪式·去奇观化——浅析《浊水漂流》现实观照的三种维度，山东师范大学</p><p style=\"text-indent: 2em; text-align: start;\">7、曹畅龙，精神分裂·解辖域化与差异——德勒兹语境下的《野马分鬃》，四川师范大学</p><p style=\"text-indent: 2em; text-align: start;\">8、张绍涵，《沙丘》：迷人的巨大沉默物体，浙江传媒学院</p><p style=\"text-indent: 2em; text-align: start;\">9、赵皓贤，想象与现实下“娱乐至上”——影视大众文化批评中的《扬名立万》，成都锦城学院</p><p style=\"text-indent: 2em; text-align: start;\">10、赖晨宇，《野马分鬃》：一场电影身体的失败出逃，闽南师范大学</p>', 1, '重庆移通学院教务处', '2023-01-30 22:29:00.632000', '2023-01-30 22:29:00.632000');
INSERT INTO `notification` VALUES (21, '重庆移通学院双校区试卷印刷、打印装订项目中标单位公示', '<p style=\"text-indent: 2em; text-align: start;\">项目编号：YTHC2022-20</p><p style=\"text-indent: 2em; text-align: start;\">项目总称：《重庆移通学院试卷印刷、打印装订项目》</p><p style=\"text-indent: 2em; text-align: start;\"><strong>标1：重庆移通学院(合川校区)试卷印刷、打印装订项目；</strong></p><p style=\"text-indent: 2em; text-align: start;\"><strong>标2：重庆移通学院(綦江校区)试卷印刷、打印装订项目；</strong></p><p style=\"text-indent: 2em; text-align: start;\"><strong>中标单位：标1：重庆三星印务设计有限公司；</strong></p><p style=\"text-indent: 2em; text-align: start;\">合川区鑫旺广告图文制作经营部；</p><p style=\"text-indent: 2em; text-align: start;\"><strong>标2：重庆三星印务设计有限公司；</strong></p><p style=\"text-indent: 2em; text-align: start;\">若对上述中标单位有任何异议，请于公示期间通过电话方式反映。</p><p style=\"text-indent: 2em; text-align: start;\">公示时间：2022年11月07日—2022年11月10日</p><p style=\"text-indent: 2em; text-align: start;\">纪 委：尹浩亮 023—42871681</p><p style=\"text-indent: 2em; text-align: start;\">基建后勤处：武强义 023—42815103<br></p>', 0, '重庆移通学院教务处', '2023-01-30 22:29:26.865964', '2023-01-30 22:29:26.865964');
INSERT INTO `notification` VALUES (22, '重庆移通学院2022年音乐节及迎新晚会舞台搭建、灯光音响等设备租赁项目中标单位公示', '<p style=\"text-indent: 2em; text-align: start;\">项目编号：YTHCHQZB2022-03</p><p style=\"text-indent: 2em; text-align: start;\">项目总称：《重庆移通学院2022年音乐节及迎新晚会舞台搭建、灯光音响等设备租赁项目》</p><p style=\"text-indent: 2em; text-align: start;\"><strong>标1：大学城·钓鱼城2022年音乐节及迎新晚会(合川校区)舞台搭建、灯光音响等设备租赁项目；</strong></p><p style=\"text-indent: 2em; text-align: start;\"><strong>标2：大学城·古剑山2022年音乐节及迎新晚会(綦江校区)舞台搭建、灯光音响等设备租赁项目；</strong></p><p style=\"text-indent: 2em; text-align: start;\">开标时间：2022年10月14日</p><p style=\"text-indent: 2em; text-align: start;\"><strong>中标单位：标1：重庆木木文化传播有限公司；</strong></p><p style=\"text-indent: 2em; text-align: start;\"><strong>标2：重庆雷柏文化传播有限公司；</strong></p><p style=\"text-indent: 2em; text-align: start;\">若对上述中标单位有任何异议，请于公示期间通过电话方式反映。</p><p style=\"text-indent: 2em; text-align: start;\">公示时间：2022年10月15日—2022年10月21日</p><p style=\"text-indent: 2em; text-align: start;\">纪 委：尹浩亮 023—42871681</p><p style=\"text-indent: 2em; text-align: start;\">基建后勤处：武强义 023—42815103</p>', 1, '重庆移通学院教务处', '2023-01-30 22:29:57.002000', '2023-01-30 22:29:57.002000');
INSERT INTO `notification` VALUES (23, '关于学生社团更名的公告', '<p style=\"text-indent: 2em; text-align: start;\">各学生组织、学生社团：</p><p style=\"text-indent: 2em; text-align: start;\">为了学生社团更好的发展，由社团发起，指导老师同意，并得到三分之二以上会员同意。经学生会社团部审核，报校团委审批，同意“PIONEER DJ电音社”更名为“NESO CAMPUS电音社”现给予公示。</p><p style=\"text-indent: 2em; text-align: start;\">特此公告。</p>', 1, '重庆移通学院教务处', '2023-01-30 22:30:35.405000', '2023-01-30 22:30:35.405000');
INSERT INTO `notification` VALUES (24, '关于重庆移通学院2022-2023学年第一学期双创先锋杰出奖学金评选结果的公示', '<p style=\"text-indent: 37px; text-align: justify;\"><span style=\"color: rgb(0, 0, 0); font-size: 19px; font-family: 仿宋;\">根据《重庆移通学院“双创先锋班”建设方案》（移通〔2021〕94 号）、《重庆移通学院“双创先锋奖学金”评选办法》（移通〔2022〕44号）等文件精神，经第三期双创先锋班学员自主申报、集中评审、现场答辩等环节，拟评选叶婷婷等4名同学为2022-2023学年第一学期“双创先锋杰出奖学金”获得者，现将结果公示如下：</span></p><table style=\"width: auto; text-align: start;\"><tbody><tr><td colspan=\"1\" rowspan=\"1\" width=\"86\">姓名</td><td colspan=\"1\" rowspan=\"1\" width=\"128\">学号</td><td colspan=\"1\" rowspan=\"1\" width=\"72\">年级</td><td colspan=\"1\" rowspan=\"1\" width=\"255\">学院</td><td colspan=\"1\" rowspan=\"1\" width=\"149\">专业</td></tr><tr><td colspan=\"1\" rowspan=\"1\" width=\"86\">叶婷婷</td><td colspan=\"1\" rowspan=\"1\" width=\"128\">2020213495</td><td colspan=\"1\" rowspan=\"1\" width=\"72\">2020</td><td colspan=\"1\" rowspan=\"1\" width=\"255\">淬炼·国际商学院</td><td colspan=\"1\" rowspan=\"1\" width=\"149\">市场营销</td></tr><tr><td colspan=\"1\" rowspan=\"1\" width=\"86\">肖平平</td><td colspan=\"1\" rowspan=\"1\" width=\"128\">2020213412</td><td colspan=\"1\" rowspan=\"1\" width=\"72\">2020</td><td colspan=\"1\" rowspan=\"1\" width=\"255\">淬炼·国际商学院</td><td colspan=\"1\" rowspan=\"1\" width=\"149\">工商管理</td></tr><tr><td colspan=\"1\" rowspan=\"1\" width=\"86\">熊志杰</td><td colspan=\"1\" rowspan=\"1\" width=\"128\">2020212204</td><td colspan=\"1\" rowspan=\"1\" width=\"72\">2020</td><td colspan=\"1\" rowspan=\"1\" width=\"255\">大数据与计算机科学学院</td><td colspan=\"1\" rowspan=\"1\" width=\"149\">数字媒体技术</td></tr><tr><td colspan=\"1\" rowspan=\"1\" width=\"86\">母粒兵</td><td colspan=\"1\" rowspan=\"1\" width=\"128\">2020210672</td><td colspan=\"1\" rowspan=\"1\" width=\"72\">2020</td><td colspan=\"1\" rowspan=\"1\" width=\"255\">通信与信息工程学院</td><td colspan=\"1\" rowspan=\"1\" width=\"149\">通信工程</td></tr></tbody></table><p style=\"text-indent: 37px; text-align: justify;\"><span style=\"color: rgb(0, 0, 0); font-size: 19px; font-family: 仿宋;\">公示期：2022年12月14日-2022年12月16日</span></p><p style=\"text-indent: 37px; text-align: justify;\"><span style=\"color: rgb(0, 0, 0); font-size: 19px; font-family: 仿宋;\">如有异议，请在公示期内向学校创业学院反映。</span></p><p style=\"text-indent: 37px; text-align: justify;\"><span style=\"color: rgb(0, 0, 0); font-size: 19px; font-family: 仿宋;\">电话：023-42871260</span></p><p><br></p>', 1, '重庆移通学院教务处', '2023-01-30 22:31:22.203000', '2023-01-30 22:31:22.203000');
INSERT INTO `notification` VALUES (25, '关于2022-2023学年（合川校区）第二批全生异科导师遴选结果的公示', '<p style=\"text-align: start;\"><span style=\"font-size: 19px; font-family: 宋体;\">校属各单位：</span></p><p style=\"text-indent: 37px; text-align: start;\"><span style=\"font-size: 19px; font-family: 宋体;\">为全面落实全生异科导师制重大工作举措，依据《移通〔2021〕92号关于印发《重庆移通学院全生异科导师制实施方案（试行）》的通知》的相关要求，合川校区书院部于2022年7月初在官网发布《重庆移通学院（合川校区）关于招募2022—2023学年全生异科导师的通知》，全面启动全校教职工全生异科导师报名遴选工作。</span></p><p style=\"text-indent: 37px; text-align: start;\"><span style=\"font-size: 19px; font-family: 宋体;\">根据合川校区新生招生计划数量，按照第一序列（教学）、第二序列（完满）和第三序列（行政）进行各部门名额指标划分。7月-9月，合川校区各部门、各学院根据划分名额，先后完成部门初选推荐、资格审查初定等工作。10月初根据新生报名情况和远景学生选拔情况，书院部进行汇总，现将拟招聘合川校区2022-2023学年第二批全生异科导师238人进行公示（人员名单请参阅附件1）。</span></p><p style=\"text-indent: 37px; text-align: start;\"><span style=\"font-size: 19px; font-family: 宋体;\">以上结果全校公示三个工作日（2022年10月10日-2022年10月12日），如有异议，请直接向书院部（行政楼B栋211办公室）反馈。</span></p><p style=\"text-align: start;\"> </p><p style=\"text-indent: 37px; text-align: start;\"><span style=\"font-size: 19px; font-family: 宋体;\">电话：17772369588叶老师 ； &nbsp; &nbsp;</span></p><p style=\"text-indent: 37px; text-align: start;\"><span style=\"font-size: 19px; font-family: 宋体;\">邮箱：669840491@qq.com</span></p><p style=\"text-align: start;\"> </p>', 0, '重庆移通学院教务处', '2023-01-30 22:31:56.435442', '2023-01-30 22:31:56.435442');

-- ----------------------------
-- Table structure for role
-- ----------------------------
DROP TABLE IF EXISTS `role`;
CREATE TABLE `role`  (
  `id` int NOT NULL AUTO_INCREMENT COMMENT '角色ID',
  `name` varchar(16) CHARACTER SET utf8mb4 COLLATE utf8mb4_0900_ai_ci NOT NULL COMMENT '角色名称',
  PRIMARY KEY (`id`) USING BTREE
) ENGINE = InnoDB AUTO_INCREMENT = 3 CHARACTER SET = utf8mb4 COLLATE = utf8mb4_0900_ai_ci ROW_FORMAT = DYNAMIC;

-- ----------------------------
-- Records of role
-- ----------------------------
INSERT INTO `role` VALUES (1, '系统管理员');
INSERT INTO `role` VALUES (2, '普通用户');

-- ----------------------------
-- Table structure for scenery
-- ----------------------------
DROP TABLE IF EXISTS `scenery`;
CREATE TABLE `scenery`  (
  `id` int NOT NULL AUTO_INCREMENT COMMENT '校园风光ID',
  `title` varchar(40) CHARACTER SET utf8mb4 COLLATE utf8mb4_0900_ai_ci NOT NULL COMMENT '校园风光标题',
  `hots` int NOT NULL DEFAULT 0 COMMENT '热度',
  `createAt` datetime(6) NOT NULL DEFAULT CURRENT_TIMESTAMP(6) COMMENT '创建时间',
  `updateAt` datetime(6) NOT NULL DEFAULT CURRENT_TIMESTAMP(6) ON UPDATE CURRENT_TIMESTAMP(6) COMMENT '更新时间',
  PRIMARY KEY (`id`) USING BTREE,
  UNIQUE INDEX `IDX_7d0609df2d9d51a8ad6e91f6d4`(`title`) USING BTREE
) ENGINE = InnoDB AUTO_INCREMENT = 51 CHARACTER SET = utf8mb4 COLLATE = utf8mb4_0900_ai_ci ROW_FORMAT = DYNAMIC;

-- ----------------------------
-- Records of scenery
-- ----------------------------
INSERT INTO `scenery` VALUES (41, '爱莲书院', 6, '2023-01-29 17:34:09.923599', '2023-02-01 12:30:10.000000');
INSERT INTO `scenery` VALUES (43, '教师', 4, '2023-01-29 17:35:23.800795', '2023-01-29 17:44:53.000000');
INSERT INTO `scenery` VALUES (44, '綦江校区', 3, '2023-01-29 17:38:46.278816', '2023-01-30 20:30:37.000000');
INSERT INTO `scenery` VALUES (45, '实验实训', 8, '2023-01-29 17:39:10.433855', '2023-01-29 18:34:48.000000');
INSERT INTO `scenery` VALUES (46, '书院家校园荷塘文化节', 3, '2023-01-29 17:39:41.953225', '2023-01-29 18:34:43.000000');
INSERT INTO `scenery` VALUES (47, '书院乐器排练厅', 6, '2023-01-29 17:40:18.658085', '2023-01-29 18:34:51.000000');
INSERT INTO `scenery` VALUES (48, '2021音乐节暨迎新晚会', 1, '2023-01-29 17:49:37.907294', '2023-01-30 22:14:55.000000');
INSERT INTO `scenery` VALUES (49, '春景', 7, '2023-01-29 17:50:27.219705', '2023-01-30 22:14:44.000000');

-- ----------------------------
-- Table structure for scenery_images
-- ----------------------------
DROP TABLE IF EXISTS `scenery_images`;
CREATE TABLE `scenery_images`  (
  `id` int NOT NULL AUTO_INCREMENT COMMENT '资讯图片ID',
  `filename` varchar(255) CHARACTER SET utf8mb4 COLLATE utf8mb4_0900_ai_ci NOT NULL COMMENT '文件名',
  `mimetype` varchar(64) CHARACTER SET utf8mb4 COLLATE utf8mb4_0900_ai_ci NOT NULL COMMENT 'mimetype',
  `size` int NOT NULL COMMENT '字节数',
  `createAt` datetime(6) NOT NULL DEFAULT CURRENT_TIMESTAMP(6) COMMENT '创建时间',
  `updateAt` datetime(6) NOT NULL DEFAULT CURRENT_TIMESTAMP(6) ON UPDATE CURRENT_TIMESTAMP(6) COMMENT '更新时间',
  `sceneryId` int NULL DEFAULT NULL COMMENT '校园风光ID',
  PRIMARY KEY (`id`) USING BTREE,
  INDEX `FK_418b9d0260e45725cb7e4d63ee5`(`sceneryId`) USING BTREE,
  CONSTRAINT `FK_418b9d0260e45725cb7e4d63ee5` FOREIGN KEY (`sceneryId`) REFERENCES `scenery` (`id`) ON DELETE CASCADE ON UPDATE RESTRICT
) ENGINE = InnoDB AUTO_INCREMENT = 146 CHARACTER SET = utf8mb4 COLLATE = utf8mb4_0900_ai_ci ROW_FORMAT = DYNAMIC;

-- ----------------------------
-- Records of scenery_images
-- ----------------------------
INSERT INTO `scenery_images` VALUES (82, 'a4ce5ff5-2668-45bc-a47e-8535a020bab7.jpeg', 'image/jpeg', 404128, '2023-01-29 17:34:09.926162', '2023-01-29 17:34:09.926162', 41);
INSERT INTO `scenery_images` VALUES (83, '4501a142-a1d4-404d-be5b-8691a8ad37d5.jpeg', 'image/jpeg', 657085, '2023-01-29 17:34:09.931089', '2023-01-29 17:34:09.931089', 41);
INSERT INTO `scenery_images` VALUES (84, '3ea7d2be-8ca8-4593-9f16-4fe356435583.jpeg', 'image/jpeg', 754325, '2023-01-29 17:34:09.933577', '2023-01-29 17:34:09.933577', 41);
INSERT INTO `scenery_images` VALUES (85, '3fb0764c-ca67-4b61-9e00-3aa255988480.jpeg', 'image/jpeg', 921097, '2023-01-29 17:34:09.935141', '2023-01-29 17:34:09.935141', 41);
INSERT INTO `scenery_images` VALUES (96, '4fadf1ca-b374-4fbd-9e6a-b5b8fdf9b8a7.jpeg', 'image/jpeg', 754325, '2023-01-29 17:35:23.802693', '2023-01-29 17:35:23.802693', 43);
INSERT INTO `scenery_images` VALUES (97, '8b26e1e9-e4cb-41a4-afeb-8cb02321d8d1.jpeg', 'image/jpeg', 853080, '2023-01-29 17:35:23.804157', '2023-01-29 17:35:23.804157', 43);
INSERT INTO `scenery_images` VALUES (98, '05e20bdb-30b8-4a9d-9c66-a51cea5ab204.jpeg', 'image/jpeg', 3623096, '2023-01-29 17:35:23.805506', '2023-01-29 17:35:23.805506', 43);
INSERT INTO `scenery_images` VALUES (99, '0b996dfd-022c-4e41-921b-c9d32c08a50e.jpeg', 'image/jpeg', 921097, '2023-01-29 17:35:23.806819', '2023-01-29 17:35:23.806819', 43);
INSERT INTO `scenery_images` VALUES (100, '1390b7d2-e84d-4e9c-a4d4-5b0e863c7bf5.jpeg', 'image/jpeg', 241958, '2023-01-29 17:38:46.281671', '2023-01-29 17:38:46.281671', 44);
INSERT INTO `scenery_images` VALUES (101, 'a80f974f-78b7-458a-a302-d21310bc2767.jpeg', 'image/jpeg', 1115644, '2023-01-29 17:38:46.284456', '2023-01-29 17:38:46.284456', 44);
INSERT INTO `scenery_images` VALUES (102, 'fc131b4c-2114-4184-8daf-a7c7618d798c.jpeg', 'image/jpeg', 230097, '2023-01-29 17:38:46.285747', '2023-01-29 17:38:46.285747', 44);
INSERT INTO `scenery_images` VALUES (103, '48d7d2c6-0643-42bf-a5c4-1dca4079a00d.jpeg', 'image/jpeg', 298121, '2023-01-29 17:38:46.286987', '2023-01-29 17:38:46.286987', 44);
INSERT INTO `scenery_images` VALUES (104, '8c6e5820-9388-47d0-8bad-4789b8836d4c.jpeg', 'image/jpeg', 217010, '2023-01-29 17:38:46.288413', '2023-01-29 17:38:46.288413', 44);
INSERT INTO `scenery_images` VALUES (105, 'dccb3221-e52f-4c90-9c03-e421da2e5537.jpeg', 'image/jpeg', 231314, '2023-01-29 17:38:46.292798', '2023-01-29 17:38:46.292798', 44);
INSERT INTO `scenery_images` VALUES (106, 'c4a986a5-122c-4649-9903-dc3dc05175cf.jpeg', 'image/jpeg', 161938, '2023-01-29 17:38:46.294415', '2023-01-29 17:38:46.294415', 44);
INSERT INTO `scenery_images` VALUES (107, '4bd80ec0-99da-48c6-aa8e-3a88c5aa9007.jpeg', 'image/jpeg', 792651, '2023-01-29 17:38:46.295901', '2023-01-29 17:38:46.295901', 44);
INSERT INTO `scenery_images` VALUES (108, '915a9a05-95fa-438d-9e78-359529a4d998.jpeg', 'image/jpeg', 478788, '2023-01-29 17:38:46.298327', '2023-01-29 17:38:46.298327', 44);
INSERT INTO `scenery_images` VALUES (109, '11b6bb13-7a7d-402b-aac1-aa7198897e98.jpeg', 'image/jpeg', 672600, '2023-01-29 17:38:46.300438', '2023-01-29 17:38:46.300438', 44);
INSERT INTO `scenery_images` VALUES (110, 'ee7374d9-a265-4579-b113-fe192d6235f9.jpeg', 'image/jpeg', 267263, '2023-01-29 17:39:10.437699', '2023-01-29 17:39:10.437699', 45);
INSERT INTO `scenery_images` VALUES (111, '8bc3d072-18b3-45f2-a3c3-3c1ce1618cbc.jpeg', 'image/jpeg', 692025, '2023-01-29 17:39:10.439622', '2023-01-29 17:39:10.439622', 45);
INSERT INTO `scenery_images` VALUES (112, '6e35be60-46c4-4618-a4e7-2efd9a42d03d.jpeg', 'image/jpeg', 777147, '2023-01-29 17:39:10.441137', '2023-01-29 17:39:10.441137', 45);
INSERT INTO `scenery_images` VALUES (113, 'da987a39-76d5-4102-bf89-85a0c2bb39a2.jpeg', 'image/jpeg', 622655, '2023-01-29 17:39:10.442635', '2023-01-29 17:39:10.442635', 45);
INSERT INTO `scenery_images` VALUES (114, '18ff0e1d-42a5-4496-8322-fde32769fe9c.jpeg', 'image/jpeg', 786771, '2023-01-29 17:39:10.444996', '2023-01-29 17:39:10.444996', 45);
INSERT INTO `scenery_images` VALUES (115, '391f18ca-6c9c-4ba6-8374-494486a03f82.jpeg', 'image/jpeg', 732869, '2023-01-29 17:39:10.446251', '2023-01-29 17:39:10.446251', 45);
INSERT INTO `scenery_images` VALUES (116, '3dca442f-3d93-41f6-907e-557c40ba3661.jpeg', 'image/jpeg', 592651, '2023-01-29 17:39:10.447511', '2023-01-29 17:39:10.447511', 45);
INSERT INTO `scenery_images` VALUES (117, '26bb3081-9706-4647-978f-d3154ba39cae.jpeg', 'image/jpeg', 906684, '2023-01-29 17:39:10.449140', '2023-01-29 17:39:10.449140', 45);
INSERT INTO `scenery_images` VALUES (118, 'c0512c76-d67a-4627-8cdd-53bba0eaf2f5.jpeg', 'image/jpeg', 909846, '2023-01-29 17:39:10.450821', '2023-01-29 17:39:10.450821', 45);
INSERT INTO `scenery_images` VALUES (119, '002f6b68-a0ba-487b-806f-3d6ab283910c.jpeg', 'image/jpeg', 1143547, '2023-01-29 17:39:10.453309', '2023-01-29 17:39:10.453309', 45);
INSERT INTO `scenery_images` VALUES (120, '0704ef2e-e905-4eed-bd53-f44d94287a9e.jpeg', 'image/jpeg', 736229, '2023-01-29 17:39:41.957335', '2023-01-29 17:39:41.957335', 46);
INSERT INTO `scenery_images` VALUES (121, '257df4e5-64e2-479f-ba9e-6c48214f43e9.jpeg', 'image/jpeg', 373940, '2023-01-29 17:39:41.958964', '2023-01-29 17:39:41.958964', 46);
INSERT INTO `scenery_images` VALUES (122, 'ec593779-9b7b-4f89-9b98-f61d37613b86.jpeg', 'image/jpeg', 954936, '2023-01-29 17:39:41.960854', '2023-01-29 17:39:41.960854', 46);
INSERT INTO `scenery_images` VALUES (123, '50051966-24a8-4758-b00d-1763a65cc805.jpeg', 'image/jpeg', 1051593, '2023-01-29 17:39:41.964742', '2023-01-29 17:39:41.964742', 46);
INSERT INTO `scenery_images` VALUES (124, 'e946c018-b652-4213-af50-5ec60c296d66.jpeg', 'image/jpeg', 905104, '2023-01-29 17:39:41.967067', '2023-01-29 17:39:41.967067', 46);
INSERT INTO `scenery_images` VALUES (125, '000d89b0-7a69-4d13-97f0-42da7ebb00b7.jpeg', 'image/jpeg', 732681, '2023-01-29 17:39:41.968580', '2023-01-29 17:39:41.968580', 46);
INSERT INTO `scenery_images` VALUES (126, 'dc874547-2b3d-4c8c-a17e-5e76d2c6d1fe.jpeg', 'image/jpeg', 826053, '2023-01-29 17:39:41.972682', '2023-01-29 17:39:41.972682', 46);
INSERT INTO `scenery_images` VALUES (127, '1875fe45-2fdc-4a32-9d30-37ea34f4259c.jpeg', 'image/jpeg', 756565, '2023-01-29 17:39:41.981078', '2023-01-29 17:39:41.981078', 46);
INSERT INTO `scenery_images` VALUES (128, '1fcdd23d-e0a9-4cba-a793-a2def52f6af9.jpeg', 'image/jpeg', 1330374, '2023-01-29 17:39:41.983111', '2023-01-29 17:39:41.983111', 46);
INSERT INTO `scenery_images` VALUES (129, '3e963b4b-9f98-4d6f-bf82-6afb3142525f.jpeg', 'image/jpeg', 1032224, '2023-01-29 17:39:41.984705', '2023-01-29 17:39:41.984705', 46);
INSERT INTO `scenery_images` VALUES (130, '6abb990b-6719-4e82-bdb2-6c4419a599b4.jpeg', 'image/jpeg', 234719, '2023-01-29 17:40:18.662279', '2023-01-29 17:40:18.662279', 47);
INSERT INTO `scenery_images` VALUES (131, '862200aa-5705-4df0-a2a6-f44104efdee8.jpeg', 'image/jpeg', 267843, '2023-01-29 17:40:18.664077', '2023-01-29 17:40:18.664077', 47);
INSERT INTO `scenery_images` VALUES (132, 'b2ea34f2-ffe5-46a4-9c0a-073a4d2576ee.jpeg', 'image/jpeg', 143445, '2023-01-29 17:40:18.665613', '2023-01-29 17:40:18.665613', 47);
INSERT INTO `scenery_images` VALUES (133, 'c1a4cf5d-1fb3-46ac-b94e-07ab3a294db9.jpeg', 'image/jpeg', 396164, '2023-01-29 17:49:37.909685', '2023-01-29 17:49:37.909685', 48);
INSERT INTO `scenery_images` VALUES (134, 'f3c80ea4-bbb5-413b-b816-6254015d59f8.jpeg', 'image/jpeg', 507842, '2023-01-29 17:49:37.911882', '2023-01-29 17:49:37.911882', 48);
INSERT INTO `scenery_images` VALUES (135, '7cefefe9-e0aa-4e35-aecb-2774c4930b01.jpeg', 'image/jpeg', 624209, '2023-01-29 17:49:37.914181', '2023-01-29 17:49:37.914181', 48);
INSERT INTO `scenery_images` VALUES (136, 'c0325577-7e85-4718-9aba-cdda37c3a2a3.jpeg', 'image/jpeg', 712571, '2023-01-29 17:49:37.918046', '2023-01-29 17:49:37.918046', 48);
INSERT INTO `scenery_images` VALUES (137, '756d815d-9531-47e7-bdb3-bd67bcf9c171.jpeg', 'image/jpeg', 584900, '2023-01-29 17:49:37.920527', '2023-01-29 17:49:37.920527', 48);
INSERT INTO `scenery_images` VALUES (138, 'a46ae5ff-1c62-4f7f-9dbf-6b3e5758ea28.jpeg', 'image/jpeg', 604802, '2023-01-29 17:49:37.921752', '2023-01-29 17:49:37.921752', 48);
INSERT INTO `scenery_images` VALUES (139, 'e5bd723c-ab76-490c-929c-46e74e50eb5d.jpeg', 'image/jpeg', 482572, '2023-01-29 17:49:37.923156', '2023-01-29 17:49:37.923156', 48);
INSERT INTO `scenery_images` VALUES (140, '8956c1e1-8bc9-434f-840e-932e4adce2ef.jpeg', 'image/jpeg', 570745, '2023-01-29 17:50:27.222723', '2023-01-29 17:50:27.222723', 49);
INSERT INTO `scenery_images` VALUES (141, '42cd7ec6-2ba7-429b-978e-ab9b0a6f4958.jpeg', 'image/jpeg', 386807, '2023-01-29 17:50:27.228352', '2023-01-29 17:50:27.228352', 49);
INSERT INTO `scenery_images` VALUES (142, '7b5614ec-3b62-41d7-8264-78b07672c8fd.jpeg', 'image/jpeg', 376053, '2023-01-29 17:50:27.229970', '2023-01-29 17:50:27.229970', 49);
INSERT INTO `scenery_images` VALUES (143, 'c2b0803a-ac24-4004-a5c7-16128bf31587.jpeg', 'image/jpeg', 395147, '2023-01-29 17:50:27.231665', '2023-01-29 17:50:27.231665', 49);
INSERT INTO `scenery_images` VALUES (144, 'dbaa8624-97b5-407a-a904-a821a225e334.jpeg', 'image/jpeg', 370748, '2023-01-29 17:50:27.233134', '2023-01-29 17:50:27.233134', 49);

-- ----------------------------
-- Table structure for user
-- ----------------------------
DROP TABLE IF EXISTS `user`;
CREATE TABLE `user`  (
  `id` int NOT NULL AUTO_INCREMENT COMMENT '用户ID',
  `name` varchar(32) CHARACTER SET utf8mb4 COLLATE utf8mb4_0900_ai_ci NOT NULL COMMENT '用户名',
  `gender` varchar(1) CHARACTER SET utf8mb4 COLLATE utf8mb4_0900_ai_ci NOT NULL DEFAULT '0' COMMENT '性别',
  `age` int NOT NULL DEFAULT 1 COMMENT '年龄',
  `banned` tinyint NOT NULL DEFAULT 0 COMMENT '是否可用',
  `createAt` datetime(6) NOT NULL DEFAULT CURRENT_TIMESTAMP(6) COMMENT '创建时间',
  `updateAt` datetime(6) NOT NULL DEFAULT CURRENT_TIMESTAMP(6) ON UPDATE CURRENT_TIMESTAMP(6) COMMENT '更新时间',
  `password` varchar(128) CHARACTER SET utf8mb4 COLLATE utf8mb4_0900_ai_ci NOT NULL COMMENT '密码',
  PRIMARY KEY (`id`) USING BTREE,
  UNIQUE INDEX `IDX_065d4d8f3b5adb4a08841eae3c`(`name`) USING BTREE
) ENGINE = InnoDB AUTO_INCREMENT = 45 CHARACTER SET = utf8mb4 COLLATE = utf8mb4_0900_ai_ci ROW_FORMAT = DYNAMIC;

-- ----------------------------
-- Records of user
-- ----------------------------
INSERT INTO `user` VALUES (1, 'test', '0', 1, 0, '2023-01-23 18:49:30.417495', '2023-01-23 18:49:30.417495', '');
INSERT INTO `user` VALUES (2, 'aa', '0', 1, 0, '2023-01-23 18:50:25.400000', '2023-01-30 22:14:51.529000', '');
INSERT INTO `user` VALUES (3, 'bright', '0', 1, 1, '2023-01-23 18:50:32.974000', '2023-01-29 23:20:46.543000', '');
INSERT INTO `user` VALUES (5, 'bright1', '0', 1, 1, '2023-01-23 18:51:31.598000', '2023-01-29 22:17:25.416000', '');
INSERT INTO `user` VALUES (7, 'bright2', '0', 1, 1, '2023-01-23 18:51:52.849000', '2023-01-29 22:17:27.397000', '');
INSERT INTO `user` VALUES (8, 'b', '0', 1, 1, '2023-01-23 18:52:57.006000', '2023-01-29 22:18:43.052000', '');
INSERT INTO `user` VALUES (9, 'ba', '0', 1, 0, '2023-01-23 18:53:06.823468', '2023-01-23 18:53:06.823468', '');
INSERT INTO `user` VALUES (11, 'bsa', '0', 1, 0, '2023-01-23 18:54:09.017799', '2023-01-23 18:54:09.017799', '');
INSERT INTO `user` VALUES (13, 'sss', '0', 1, 0, '2023-01-23 18:55:02.366733', '2023-01-23 18:55:02.366733', '');
INSERT INTO `user` VALUES (15, 'bright111', '0', 1, 0, '2023-01-27 12:04:36.395420', '2023-01-27 12:04:36.395420', '');
INSERT INTO `user` VALUES (16, '12', '0', 1, 0, '2023-01-27 12:05:20.628973', '2023-01-27 12:05:20.628973', '');
INSERT INTO `user` VALUES (17, '1252', '0', 1, 0, '2023-01-27 12:05:54.056973', '2023-01-27 12:05:54.056973', '');
INSERT INTO `user` VALUES (18, '12162552', '0', 1, 0, '2023-01-27 12:06:03.511331', '2023-01-27 12:06:03.511331', '');
INSERT INTO `user` VALUES (19, '12162552629612', '0', 1, 0, '2023-01-27 12:07:53.301871', '2023-01-27 12:07:53.301871', '');
INSERT INTO `user` VALUES (20, 'hello', '0', 1, 0, '2023-01-27 12:18:00.232915', '2023-01-27 12:18:00.232915', '$argon2id$v=19$m=65536,t=3,p=4$XfSwKui+8s7Gb4dwLwNIIQ$MqLjZ1cYX6DKtfZizT/edcjMdce78t2+bwOPt6kl2rA');
INSERT INTO `user` VALUES (22, 'hell56226', '0', 1, 0, '2023-01-27 12:18:26.830120', '2023-01-27 12:18:26.830120', '$argon2id$v=19$m=65536,t=3,p=4$nscHE2affpDWopv8C1+DsQ$4w8ko2TWGBCprzP+qv6lmlEU1Ll8Gc89w2RJz2FGoVo');
INSERT INTO `user` VALUES (23, '18380743125', '0', 1, 0, '2023-01-27 12:35:21.983496', '2023-01-27 12:35:21.983496', '$argon2id$v=19$m=65536,t=3,p=4$ghEfvGPCgOJz3f4ZZHSynQ$EubMi6oU0AiVBo2FHjIMO5HabFHCR4s8DdARB8hxSTE');
INSERT INTO `user` VALUES (25, '18380743125q', '0', 1, 0, '2023-01-27 12:37:05.307443', '2023-01-27 12:37:05.307443', '$argon2id$v=19$m=65536,t=3,p=4$SigI7qgW2pZjFFaXeYX3GA$GltVME6esM8M+o7iKCc77+i7PnzbAT4ulPadZeGBRxc');
INSERT INTO `user` VALUES (26, 'bright999', '0', 1, 0, '2023-01-27 13:56:28.547102', '2023-01-27 13:56:28.547102', '$argon2id$v=19$m=65536,t=3,p=4$DqysB3AKDmCPhLMQDPrlaQ$OJkaNTzLiHXTd0WsyvkedqzbVGFiLcflZilPC+1rsx8');
INSERT INTO `user` VALUES (27, 'bright9993', '0', 1, 0, '2023-01-27 13:58:45.027379', '2023-01-27 13:58:45.027379', '$argon2id$v=19$m=65536,t=3,p=4$lyW0Xz4YYQSpsX7+16qo4A$q92VzF2EQFYr9G4MQZfclrH0g9NngpHbDGjAJDX5+og');
INSERT INTO `user` VALUES (28, 'heelooo', '0', 1, 0, '2023-01-27 13:59:13.469598', '2023-01-27 13:59:13.469598', '$argon2id$v=19$m=65536,t=3,p=4$JqIfoBo7kALRz4437RZyow$hRKAHLyHWxpfTUsEfX95Xgupw37XrgfF0VRG0/oCD/Y');
INSERT INTO `user` VALUES (29, '183807431256', '0', 1, 0, '2023-01-27 14:07:03.448063', '2023-01-27 14:07:03.448063', '$argon2id$v=19$m=65536,t=3,p=4$rrkw9n4XaFMsQMIKwhIIiw$rSs46A2TDPRULS5gBGF5UkchLLrtfQDM0hrSeNP3qT4');
INSERT INTO `user` VALUES (30, 'javaww', '0', 1, 0, '2023-01-27 14:11:57.353038', '2023-01-27 14:11:57.353038', '$argon2id$v=19$m=65536,t=3,p=4$t10K2CNKjsb1JRWdxPghwA$TvnXXw76SjkteEun0RnaG7YbzpalnFWwPdzXTwWHIaQ');
INSERT INTO `user` VALUES (31, 'javase', '0', 1, 0, '2023-01-27 14:14:10.950502', '2023-01-27 14:14:10.950502', '$argon2id$v=19$m=65536,t=3,p=4$jLMsgTbDH1OufqHGxlBt0Q$FWceCuHN9cehktKYvAyIqbhX+SviaqRRq/00eY2Il6E');
INSERT INTO `user` VALUES (32, 'qaqaqa', '0', 1, 0, '2023-01-27 14:15:39.122000', '2023-01-27 14:15:39.122000', '$argon2id$v=19$m=65536,t=3,p=4$pv0fshLraKU3YcJyDixvHg$Y5twu79I7gOMVUu61pfIlXHVcJVgajAucIsYpETKEf0');
INSERT INTO `user` VALUES (33, 'cooper plate', '0', 1, 0, '2023-01-27 22:17:15.749996', '2023-01-27 22:17:15.749996', '$argon2id$v=19$m=65536,t=3,p=4$2a/FrxvqoVccCB2B/MM/+g$T5/tD+g94F+II2c6iHrMufbst7qtf515bnrQHM2vEGM');
INSERT INTO `user` VALUES (34, 'qwerty', '0', 1, 0, '2023-01-28 10:48:22.765404', '2023-01-28 10:48:22.765404', '$argon2id$v=19$m=65536,t=3,p=4$TY1hEFfJpep7sdAiPWh1Vw$N+9RGNIOoKtENxWgwI+jDqaPYMH8bJMhN6qlqoHzoOQ');
INSERT INTO `user` VALUES (35, 'adminer', '1', 2, 0, '2023-01-29 10:30:51.708000', '2023-01-31 15:21:23.067000', '$argon2id$v=19$m=65536,t=3,p=4$a90HNPP5Cgje5Zmk8Td+0A$rhyMWHxUW6Bdu8r730bUR/rHfllbbihv85znJvOG07I');
INSERT INTO `user` VALUES (44, '12345678', '1', 16, 1, '2023-01-29 14:44:14.052000', '2023-01-29 21:00:12.249000', '$argon2id$v=19$m=65536,t=3,p=4$tIRJ2y7ow9N75FiKQtCQeQ$nfMmOdDwTYgV4/HbQr3NdYUa2PWDQuYJNDYi+6RnCf8');
INSERT INTO `user` VALUES (45, 'wdwrwqe ', '0', 1, 0, '2023-02-01 12:11:40.190558', '2023-02-01 12:11:40.190558', '$argon2id$v=19$m=65536,t=3,p=4$PpyZn92LQb62pHHVGlCrFw$+3Y511Jh14RFzSEJtyJtCASGXpqWs8gFrfb7aq8HO34');

-- ----------------------------
-- Table structure for user_role
-- ----------------------------
DROP TABLE IF EXISTS `user_role`;
CREATE TABLE `user_role`  (
  `userId` int NOT NULL,
  `roleId` int NOT NULL,
  PRIMARY KEY (`userId`, `roleId`) USING BTREE,
  INDEX `IDX_ab40a6f0cd7d3ebfcce082131f`(`userId`) USING BTREE,
  INDEX `IDX_dba55ed826ef26b5b22bd39409`(`roleId`) USING BTREE,
  CONSTRAINT `FK_ab40a6f0cd7d3ebfcce082131fd` FOREIGN KEY (`userId`) REFERENCES `user` (`id`) ON DELETE CASCADE ON UPDATE CASCADE,
  CONSTRAINT `FK_dba55ed826ef26b5b22bd39409b` FOREIGN KEY (`roleId`) REFERENCES `role` (`id`) ON DELETE RESTRICT ON UPDATE RESTRICT
) ENGINE = InnoDB CHARACTER SET = utf8mb4 COLLATE = utf8mb4_0900_ai_ci ROW_FORMAT = DYNAMIC;

-- ----------------------------
-- Records of user_role
-- ----------------------------
INSERT INTO `user_role` VALUES (2, 2);
INSERT INTO `user_role` VALUES (3, 2);
INSERT INTO `user_role` VALUES (5, 2);
INSERT INTO `user_role` VALUES (7, 2);
INSERT INTO `user_role` VALUES (8, 2);
INSERT INTO `user_role` VALUES (13, 1);
INSERT INTO `user_role` VALUES (13, 2);
INSERT INTO `user_role` VALUES (15, 2);
INSERT INTO `user_role` VALUES (16, 2);
INSERT INTO `user_role` VALUES (17, 2);
INSERT INTO `user_role` VALUES (18, 2);
INSERT INTO `user_role` VALUES (19, 2);
INSERT INTO `user_role` VALUES (20, 2);
INSERT INTO `user_role` VALUES (22, 2);
INSERT INTO `user_role` VALUES (23, 2);
INSERT INTO `user_role` VALUES (25, 2);
INSERT INTO `user_role` VALUES (26, 2);
INSERT INTO `user_role` VALUES (27, 2);
INSERT INTO `user_role` VALUES (28, 2);
INSERT INTO `user_role` VALUES (29, 2);
INSERT INTO `user_role` VALUES (30, 2);
INSERT INTO `user_role` VALUES (31, 2);
INSERT INTO `user_role` VALUES (32, 2);
INSERT INTO `user_role` VALUES (33, 2);
INSERT INTO `user_role` VALUES (34, 2);
INSERT INTO `user_role` VALUES (35, 1);
INSERT INTO `user_role` VALUES (44, 2);
INSERT INTO `user_role` VALUES (45, 2);

SET FOREIGN_KEY_CHECKS = 1;
